symbol,token,datetime,open,high,low,close,volume
NIFTY,26000,17-06-2026 15:29:00,24074.80,24083.00,24073.20,24081.95,0
NIFTY,26000,17-06-2026 15:28:00,24076.20,24080.35,24074.55,24076.60,0
NIFTY,26000,17-06-2026 15:27:00,24079.85,24080.85,24073.10,24075.90,0
NIFTY,26000,17-06-2026 15:26:00,24082.35,24084.20,24078.95,24079.25,0
NIFTY,26000,17-06-2026 15:25:00,24081.25,24087.15,24077.80,24082.65,0
NIFTY,26000,17-06-2026 15:24:00,24084.40,24085.00,24079.95,24081.45,0
NIFTY,26000,17-06-2026 15:23:00,24086.60,24089.45,24083.30,24084.20,0
NIFTY,26000,17-06-2026 15:22:00,24085.50,24087.15,24081.60,24085.60,0
NIFTY,26000,17-06-2026 15:21:00,24087.35,24089.30,24084.10,24085.90,0
NIFTY,26000,17-06-2026 15:20:00,24087.65,24090.00,24085.70,24087.40,0
NIFTY,26000,17-06-2026 15:19:00,24084.60,24088.80,24083.90,24088.05,0
NIFTY,26000,17-06-2026 15:18:00,24083.65,24085.75,24081.95,24084.55,0
NIFTY,26000,17-06-2026 15:17:00,24081.00,24085.15,24079.20,24083.20,0
NIFTY,26000,17-06-2026 15:16:00,24084.05,24084.40,24078.25,24080.35,0
NIFTY,26000,17-06-2026 15:15:00,24084.25,24085.80,24082.35,24084.25,0
NIFTY,26000,17-06-2026 15:14:00,24088.20,24089.35,24082.05,24083.60,0
NIFTY,26000,17-06-2026 15:13:00,24087.55,24088.35,24085.25,24086.65,0
NIFTY,26000,17-06-2026 15:12:00,24089.60,24090.60,24085.55,24086.15,0
NIFTY,26000,17-06-2026 15:11:00,24088.75,24092.95,24088.55,24089.25,0
NIFTY,26000,17-06-2026 15:10:00,24091.10,24092.15,24085.35,24087.70,0
NIFTY,26000,17-06-2026 15:09:00,24090.60,24095.40,24089.50,24091.35,0
NIFTY,26000,17-06-2026 15:08:00,24088.85,24095.05,24088.15,24091.30,0
NIFTY,26000,17-06-2026 15:07:00,24086.80,24088.00,24084.40,24087.75,0
NIFTY,26000,17-06-2026 15:06:00,24090.45,24091.90,24082.65,24085.30,0
NIFTY,26000,17-06-2026 15:05:00,24088.10,24094.65,24087.35,24089.75,0
NIFTY,26000,17-06-2026 15:04:00,24092.40,24094.90,24086.20,24087.65,0
NIFTY,26000,17-06-2026 15:03:00,24096.25,24098.75,24090.65,24091.50,0
NIFTY,26000,17-06-2026 15:02:00,24091.05,24095.60,24090.60,24095.30,0
NIFTY,26000,17-06-2026 15:01:00,24085.60,24091.35,24085.20,24089.85,0
NIFTY,26000,17-06-2026 15:00:00,24076.80,24085.40,24070.45,24084.25,0
NIFTY,26000,17-06-2026 14:59:00,24068.40,24077.30,24066.90,24076.90,0
NIFTY,26000,17-06-2026 14:58:00,24059.35,24068.10,24057.35,24068.10,0
NIFTY,26000,17-06-2026 14:57:00,24047.65,24057.40,24045.35,24057.40,0
NIFTY,26000,17-06-2026 14:56:00,24047.45,24048.95,24044.10,24045.80,0
NIFTY,26000,17-06-2026 14:55:00,24052.00,24052.00,24044.60,24044.60,0
NIFTY,26000,17-06-2026 14:54:00,24039.70,24050.90,24038.40,24050.60,0
NIFTY,26000,17-06-2026 14:53:00,24037.20,24038.65,24026.95,24038.35,0
NIFTY,26000,17-06-2026 14:52:00,24042.05,24042.05,24033.45,24034.45,0
NIFTY,26000,17-06-2026 14:51:00,24045.05,24045.05,24038.60,24038.60,0
NIFTY,26000,17-06-2026 14:50:00,24042.90,24045.50,24040.15,24043.75,0
NIFTY,26000,17-06-2026 14:49:00,24044.60,24044.60,24038.20,24038.95,0
NIFTY,26000,17-06-2026 14:48:00,24047.50,24047.50,24041.35,24042.35,0
NIFTY,26000,17-06-2026 14:47:00,24045.30,24047.20,24043.25,24045.00,0
NIFTY,26000,17-06-2026 14:46:00,24044.55,24047.55,24042.95,24043.55,0
NIFTY,26000,17-06-2026 14:45:00,24043.25,24043.95,24038.30,24042.70,0
NIFTY,26000,17-06-2026 14:44:00,24040.15,24043.15,24037.80,24041.25,0
NIFTY,26000,17-06-2026 14:43:00,24039.65,24040.65,24036.95,24038.45,0
NIFTY,26000,17-06-2026 14:42:00,24040.65,24041.30,24036.00,24037.00,0
NIFTY,26000,17-06-2026 14:41:00,24041.15,24042.55,24037.90,24038.90,0
NIFTY,26000,17-06-2026 14:40:00,24044.65,24045.40,24038.75,24039.10,0
NIFTY,26000,17-06-2026 14:39:00,24047.85,24048.25,24040.95,24043.35,0
NIFTY,26000,17-06-2026 14:38:00,24048.10,24048.10,24042.00,24046.60,0
NIFTY,26000,17-06-2026 14:37:00,24037.10,24045.95,24034.90,24045.95,0
NIFTY,26000,17-06-2026 14:36:00,24032.65,24038.00,24030.40,24035.70,0
NIFTY,26000,17-06-2026 14:35:00,24029.70,24032.90,24025.95,24031.60,0
NIFTY,26000,17-06-2026 14:34:00,24028.50,24030.75,24026.15,24028.25,0
NIFTY,26000,17-06-2026 14:33:00,24029.05,24029.25,24024.85,24027.40,0
NIFTY,26000,17-06-2026 14:32:00,24032.15,24032.25,24027.00,24027.95,0
NIFTY,26000,17-06-2026 14:31:00,24017.20,24032.90,24016.35,24031.35,0
NIFTY,26000,17-06-2026 14:30:00,24025.80,24025.80,24015.80,24016.00,0
NIFTY,26000,17-06-2026 14:29:00,24026.55,24028.85,24024.15,24024.30,0
NIFTY,26000,17-06-2026 14:28:00,24026.45,24027.55,24021.40,24025.75,0
NIFTY,26000,17-06-2026 14:27:00,24028.00,24031.10,24023.95,24024.60,0
NIFTY,26000,17-06-2026 14:26:00,24033.80,24035.15,24021.85,24027.80,0
NIFTY,26000,17-06-2026 14:25:00,24041.80,24041.80,24031.15,24033.35,0
NIFTY,26000,17-06-2026 14:24:00,24042.70,24044.40,24038.20,24040.55,0
NIFTY,26000,17-06-2026 14:23:00,24045.40,24047.30,24037.60,24040.85,0
NIFTY,26000,17-06-2026 14:22:00,24044.30,24046.30,24041.80,24044.65,0
NIFTY,26000,17-06-2026 14:21:00,24047.25,24047.90,24040.40,24042.45,0
NIFTY,26000,17-06-2026 14:20:00,24050.65,24050.65,24041.95,24046.35,0
NIFTY,26000,17-06-2026 14:19:00,24047.70,24051.30,24046.30,24050.55,0
NIFTY,26000,17-06-2026 14:18:00,24042.35,24047.60,24040.75,24047.15,0
NIFTY,26000,17-06-2026 14:17:00,24041.10,24044.80,24035.50,24041.35,0
NIFTY,26000,17-06-2026 14:16:00,24051.75,24052.30,24039.90,24039.90,0
NIFTY,26000,17-06-2026 14:15:00,24049.10,24050.85,24043.90,24050.70,0
NIFTY,26000,17-06-2026 14:14:00,24051.50,24052.35,24046.95,24047.85,0
NIFTY,26000,17-06-2026 14:13:00,24047.05,24052.05,24047.05,24050.00,0
NIFTY,26000,17-06-2026 14:12:00,24040.40,24047.95,24039.60,24046.65,0
NIFTY,26000,17-06-2026 14:11:00,24043.15,24044.55,24036.35,24038.60,0
NIFTY,26000,17-06-2026 14:10:00,24042.50,24043.80,24039.65,24042.30,0
NIFTY,26000,17-06-2026 14:09:00,24047.65,24048.85,24041.05,24041.05,0
NIFTY,26000,17-06-2026 14:08:00,24046.75,24047.30,24043.00,24046.40,0
NIFTY,26000,17-06-2026 14:07:00,24044.60,24046.60,24041.10,24044.25,0
NIFTY,26000,17-06-2026 14:06:00,24044.40,24045.90,24040.05,24042.35,0
NIFTY,26000,17-06-2026 14:05:00,24049.90,24051.25,24041.60,24043.30,0
NIFTY,26000,17-06-2026 14:04:00,24051.60,24052.95,24043.25,24049.20,0
NIFTY,26000,17-06-2026 14:03:00,24050.95,24053.45,24046.30,24051.45,0
NIFTY,26000,17-06-2026 14:02:00,24048.60,24050.40,24045.70,24049.50,0
NIFTY,26000,17-06-2026 14:01:00,24052.75,24052.95,24045.15,24047.50,0
NIFTY,26000,17-06-2026 14:00:00,24049.85,24053.30,24047.60,24051.15,0
NIFTY,26000,17-06-2026 13:59:00,24050.05,24051.05,24046.55,24048.85,0
NIFTY,26000,17-06-2026 13:58:00,24050.50,24051.10,24047.15,24048.85,0
NIFTY,26000,17-06-2026 13:57:00,24048.30,24050.05,24045.50,24049.55,0
NIFTY,26000,17-06-2026 13:56:00,24042.85,24048.15,24042.10,24047.15,0
NIFTY,26000,17-06-2026 13:55:00,24046.55,24046.55,24040.15,24041.35,0
NIFTY,26000,17-06-2026 13:54:00,24046.50,24046.50,24042.50,24045.45,0
NIFTY,26000,17-06-2026 13:53:00,24041.15,24046.35,24039.60,24046.05,0
NIFTY,26000,17-06-2026 13:52:00,24035.70,24040.65,24029.45,24039.95,0
NIFTY,26000,17-06-2026 13:51:00,24042.35,24042.40,24033.50,24034.40,0
NIFTY,26000,17-06-2026 13:50:00,24052.95,24053.15,24041.05,24041.60,0
NIFTY,26000,17-06-2026 13:49:00,24048.75,24053.60,24044.75,24052.75,0
NIFTY,26000,17-06-2026 13:48:00,24055.45,24056.15,24048.15,24048.15,0
NIFTY,26000,17-06-2026 13:47:00,24054.75,24056.30,24053.00,24054.25,0
NIFTY,26000,17-06-2026 13:46:00,24057.30,24058.05,24053.45,24054.00,0
NIFTY,26000,17-06-2026 13:45:00,24057.15,24058.55,24053.35,24056.45,0
NIFTY,26000,17-06-2026 13:44:00,24059.00,24059.30,24055.05,24055.70,0
NIFTY,26000,17-06-2026 13:43:00,24056.75,24058.85,24055.15,24058.15,0
NIFTY,26000,17-06-2026 13:42:00,24051.30,24056.10,24049.80,24055.55,0
NIFTY,26000,17-06-2026 13:41:00,24051.85,24054.15,24047.80,24050.60,0
NIFTY,26000,17-06-2026 13:40:00,24054.30,24055.45,24050.25,24050.90,0
NIFTY,26000,17-06-2026 13:39:00,24053.65,24061.85,24052.70,24053.35,0
NIFTY,26000,17-06-2026 13:38:00,24050.05,24053.75,24049.20,24052.55,0
NIFTY,26000,17-06-2026 13:37:00,24050.45,24050.90,24046.25,24049.00,0
NIFTY,26000,17-06-2026 13:36:00,24050.20,24051.35,24045.85,24048.70,0
NIFTY,26000,17-06-2026 13:35:00,24045.55,24049.15,24041.00,24049.15,0
NIFTY,26000,17-06-2026 13:34:00,24036.50,24044.65,24034.90,24044.05,0
NIFTY,26000,17-06-2026 13:33:00,24035.95,24036.65,24033.50,24035.65,0
NIFTY,26000,17-06-2026 13:32:00,24034.80,24036.25,24032.45,24034.20,0
NIFTY,26000,17-06-2026 13:31:00,24036.40,24036.85,24032.30,24033.50,0
NIFTY,26000,17-06-2026 13:30:00,24035.10,24036.00,24032.05,24035.30,0
NIFTY,26000,17-06-2026 13:29:00,24037.65,24037.90,24033.40,24034.25,0
NIFTY,26000,17-06-2026 13:28:00,24036.50,24039.30,24034.40,24036.45,0
NIFTY,26000,17-06-2026 13:27:00,24036.90,24039.25,24034.75,24035.65,0
NIFTY,26000,17-06-2026 13:26:00,24034.15,24039.10,24032.95,24035.75,0
NIFTY,26000,17-06-2026 13:25:00,24034.45,24035.10,24032.10,24033.35,0
NIFTY,26000,17-06-2026 13:24:00,24037.25,24037.40,24032.75,24033.55,0
NIFTY,26000,17-06-2026 13:23:00,24037.10,24037.60,24034.05,24035.95,0
NIFTY,26000,17-06-2026 13:22:00,24035.30,24036.75,24032.40,24035.55,0
NIFTY,26000,17-06-2026 13:21:00,24031.20,24035.10,24029.30,24032.95,0
NIFTY,26000,17-06-2026 13:20:00,24026.00,24032.15,24024.40,24029.75,0
NIFTY,26000,17-06-2026 13:19:00,24027.90,24028.35,24022.80,24024.15,0
NIFTY,26000,17-06-2026 13:18:00,24028.95,24029.85,24025.60,24027.50,0
NIFTY,26000,17-06-2026 13:17:00,24026.40,24031.80,24022.15,24025.50,0
NIFTY,26000,17-06-2026 13:16:00,24015.35,24025.60,24013.60,24025.25,0
NIFTY,26000,17-06-2026 13:15:00,24010.60,24014.65,24005.85,24014.10,0
NIFTY,26000,17-06-2026 13:14:00,24014.35,24015.35,24009.75,24009.75,0
NIFTY,26000,17-06-2026 13:13:00,24018.25,24018.45,24012.90,24012.90,0
NIFTY,26000,17-06-2026 13:12:00,24021.20,24021.30,24016.15,24017.15,0
NIFTY,26000,17-06-2026 13:11:00,24020.95,24021.45,24015.40,24018.75,0
NIFTY,26000,17-06-2026 13:10:00,24017.55,24022.15,24013.90,24018.45,0
NIFTY,26000,17-06-2026 13:09:00,24023.75,24023.75,24016.00,24017.05,0
NIFTY,26000,17-06-2026 13:08:00,24030.25,24030.25,24021.40,24022.05,0
NIFTY,26000,17-06-2026 13:07:00,24034.55,24035.00,24028.30,24029.10,0
NIFTY,26000,17-06-2026 13:06:00,24036.85,24037.30,24032.10,24032.25,0
NIFTY,26000,17-06-2026 13:05:00,24038.60,24040.40,24034.90,24035.15,0
NIFTY,26000,17-06-2026 13:04:00,24036.55,24038.60,24034.60,24037.65,0
NIFTY,26000,17-06-2026 13:03:00,24032.30,24035.85,24030.65,24035.85,0
NIFTY,26000,17-06-2026 13:02:00,24030.60,24032.45,24027.80,24031.60,0
NIFTY,26000,17-06-2026 13:01:00,24027.05,24030.70,24024.30,24029.95,0
NIFTY,26000,17-06-2026 13:00:00,24030.00,24030.95,24023.60,24026.60,0
NIFTY,26000,17-06-2026 12:59:00,24033.95,24034.25,24029.10,24029.50,0
NIFTY,26000,17-06-2026 12:58:00,24033.75,24034.80,24029.90,24033.10,0
NIFTY,26000,17-06-2026 12:57:00,24033.50,24036.25,24030.75,24032.75,0
NIFTY,26000,17-06-2026 12:56:00,24031.15,24033.70,24029.00,24031.85,0
NIFTY,26000,17-06-2026 12:55:00,24030.05,24034.55,24027.35,24030.15,0
NIFTY,26000,17-06-2026 12:54:00,24038.15,24038.40,24028.60,24028.60,0
NIFTY,26000,17-06-2026 12:53:00,24039.65,24039.65,24035.45,24036.35,0
NIFTY,26000,17-06-2026 12:52:00,24042.40,24045.00,24037.15,24038.60,0
NIFTY,26000,17-06-2026 12:51:00,24044.65,24044.80,24039.55,24041.10,0
NIFTY,26000,17-06-2026 12:50:00,24046.15,24047.40,24042.85,24043.15,0
NIFTY,26000,17-06-2026 12:49:00,24043.65,24047.80,24042.50,24045.60,0
NIFTY,26000,17-06-2026 12:48:00,24047.30,24047.50,24041.70,24041.70,0
NIFTY,26000,17-06-2026 12:47:00,24051.60,24051.70,24043.35,24044.70,0
NIFTY,26000,17-06-2026 12:46:00,24049.70,24053.95,24048.10,24050.20,0
NIFTY,26000,17-06-2026 12:45:00,24044.90,24050.50,24042.60,24049.40,0
NIFTY,26000,17-06-2026 12:44:00,24049.25,24051.20,24043.45,24044.25,0
NIFTY,26000,17-06-2026 12:43:00,24046.70,24050.30,24044.50,24047.60,0
NIFTY,26000,17-06-2026 12:42:00,24043.70,24047.40,24043.20,24045.35,0
NIFTY,26000,17-06-2026 12:41:00,24036.90,24043.50,24036.65,24043.25,0
NIFTY,26000,17-06-2026 12:40:00,24036.65,24038.00,24033.25,24037.45,0
NIFTY,26000,17-06-2026 12:39:00,24036.00,24036.95,24033.95,24035.85,0
NIFTY,26000,17-06-2026 12:38:00,24036.25,24037.00,24033.20,24034.85,0
NIFTY,26000,17-06-2026 12:37:00,24036.45,24038.20,24032.35,24035.05,0
NIFTY,26000,17-06-2026 12:36:00,24043.05,24043.05,24033.75,24034.65,0
NIFTY,26000,17-06-2026 12:35:00,24041.30,24043.65,24038.75,24040.80,0
NIFTY,26000,17-06-2026 12:34:00,24042.15,24042.65,24038.25,24040.15,0
NIFTY,26000,17-06-2026 12:33:00,24039.35,24042.55,24038.45,24041.40,0
NIFTY,26000,17-06-2026 12:32:00,24040.30,24041.00,24034.60,24037.70,0
NIFTY,26000,17-06-2026 12:31:00,24042.30,24042.75,24036.55,24040.05,0
NIFTY,26000,17-06-2026 12:30:00,24045.85,24046.80,24039.60,24040.35,0
NIFTY,26000,17-06-2026 12:29:00,24044.60,24050.05,24039.45,24045.50,0
NIFTY,26000,17-06-2026 12:28:00,24039.90,24044.80,24038.85,24043.70,0
NIFTY,26000,17-06-2026 12:27:00,24036.40,24039.80,24033.60,24038.50,0
NIFTY,26000,17-06-2026 12:26:00,24036.70,24037.55,24033.50,24035.20,0
NIFTY,26000,17-06-2026 12:25:00,24044.80,24045.85,24033.00,24034.85,0
NIFTY,26000,17-06-2026 12:24:00,24052.75,24053.15,24042.40,24044.10,0
NIFTY,26000,17-06-2026 12:23:00,24052.00,24052.70,24048.90,24051.40,0
NIFTY,26000,17-06-2026 12:22:00,24051.50,24052.55,24047.15,24050.10,0
NIFTY,26000,17-06-2026 12:21:00,24055.45,24055.45,24048.90,24051.10,0
NIFTY,26000,17-06-2026 12:20:00,24056.30,24056.90,24051.95,24054.20,0
NIFTY,26000,17-06-2026 12:19:00,24052.00,24056.80,24050.80,24055.40,0
NIFTY,26000,17-06-2026 12:18:00,24049.35,24051.65,24047.90,24050.90,0
NIFTY,26000,17-06-2026 12:17:00,24045.65,24049.20,24042.05,24048.55,0
NIFTY,26000,17-06-2026 12:16:00,24052.50,24053.10,24043.85,24044.70,0
NIFTY,26000,17-06-2026 12:15:00,24051.75,24053.45,24049.20,24051.45,0
NIFTY,26000,17-06-2026 12:14:00,24054.20,24054.75,24050.30,24050.30,0
NIFTY,26000,17-06-2026 12:13:00,24054.60,24055.75,24050.65,24053.60,0
NIFTY,26000,17-06-2026 12:12:00,24055.70,24057.30,24052.15,24053.25,0
NIFTY,26000,17-06-2026 12:11:00,24060.50,24060.75,24054.50,24054.70,0
NIFTY,26000,17-06-2026 12:10:00,24059.00,24061.75,24057.30,24059.30,0
NIFTY,26000,17-06-2026 12:09:00,24061.75,24062.05,24056.35,24058.15,0
NIFTY,26000,17-06-2026 12:08:00,24061.75,24065.05,24059.00,24060.85,0
NIFTY,26000,17-06-2026 12:07:00,24060.60,24062.00,24053.45,24060.10,0
NIFTY,26000,17-06-2026 12:06:00,24060.80,24063.30,24056.70,24059.50,0
NIFTY,26000,17-06-2026 12:05:00,24062.75,24063.85,24057.60,24059.25,0
NIFTY,26000,17-06-2026 12:04:00,24053.80,24065.35,24052.50,24063.35,0
NIFTY,26000,17-06-2026 12:03:00,24052.45,24054.40,24048.65,24051.90,0
NIFTY,26000,17-06-2026 12:02:00,24054.65,24055.40,24047.70,24051.95,0
NIFTY,26000,17-06-2026 12:01:00,24050.90,24055.65,24049.05,24053.90,0
NIFTY,26000,17-06-2026 12:00:00,24056.70,24058.00,24048.55,24049.85,0
NIFTY,26000,17-06-2026 11:59:00,24061.60,24062.05,24054.70,24055.10,0
NIFTY,26000,17-06-2026 11:58:00,24066.00,24066.40,24059.65,24060.95,0
NIFTY,26000,17-06-2026 11:57:00,24074.30,24074.80,24064.25,24064.25,0
NIFTY,26000,17-06-2026 11:56:00,24075.20,24076.90,24069.45,24072.75,0
NIFTY,26000,17-06-2026 11:55:00,24068.80,24076.60,24065.95,24074.55,0
NIFTY,26000,17-06-2026 11:54:00,24070.85,24071.55,24066.90,24068.55,0
NIFTY,26000,17-06-2026 11:53:00,24073.50,24073.50,24067.55,24070.30,0
NIFTY,26000,17-06-2026 11:52:00,24070.05,24073.05,24068.75,24072.45,0
NIFTY,26000,17-06-2026 11:51:00,24074.30,24074.30,24068.90,24069.80,0
NIFTY,26000,17-06-2026 11:50:00,24075.20,24075.55,24071.45,24071.65,0
NIFTY,26000,17-06-2026 11:49:00,24075.90,24076.15,24071.70,24074.30,0
NIFTY,26000,17-06-2026 11:48:00,24077.25,24077.35,24074.10,24074.45,0
NIFTY,26000,17-06-2026 11:47:00,24081.95,24082.55,24074.90,24076.30,0
NIFTY,26000,17-06-2026 11:46:00,24083.35,24085.60,24080.00,24080.75,0
NIFTY,26000,17-06-2026 11:45:00,24084.15,24084.75,24080.10,24082.00,0
NIFTY,26000,17-06-2026 11:44:00,24084.55,24085.15,24081.10,24083.30,0
NIFTY,26000,17-06-2026 11:43:00,24085.85,24089.30,24081.80,24082.75,0
NIFTY,26000,17-06-2026 11:42:00,24080.55,24086.25,24077.00,24084.70,0
NIFTY,26000,17-06-2026 11:41:00,24072.55,24080.50,24070.95,24079.75,0
NIFTY,26000,17-06-2026 11:40:00,24075.60,24076.15,24066.90,24071.65,0
NIFTY,26000,17-06-2026 11:39:00,24082.10,24082.10,24073.60,24074.20,0
NIFTY,26000,17-06-2026 11:38:00,24087.35,24087.40,24079.25,24080.95,0
NIFTY,26000,17-06-2026 11:37:00,24089.70,24090.80,24083.20,24086.10,0
NIFTY,26000,17-06-2026 11:36:00,24093.75,24094.35,24087.90,24087.90,0
NIFTY,26000,17-06-2026 11:35:00,24099.45,24099.45,24090.55,24092.65,0
NIFTY,26000,17-06-2026 11:34:00,24100.55,24100.55,24095.75,24098.65,0
NIFTY,26000,17-06-2026 11:33:00,24107.85,24108.20,24097.65,24099.00,0
NIFTY,26000,17-06-2026 11:32:00,24099.45,24107.15,24096.30,24106.05,0
NIFTY,26000,17-06-2026 11:31:00,24092.30,24099.85,24089.80,24098.15,0
NIFTY,26000,17-06-2026 11:30:00,24089.90,24093.05,24087.30,24091.50,0
NIFTY,26000,17-06-2026 11:29:00,24086.85,24090.40,24081.75,24088.95,0
NIFTY,26000,17-06-2026 11:28:00,24085.45,24088.90,24083.50,24086.25,0
NIFTY,26000,17-06-2026 11:27:00,24083.70,24087.20,24080.65,24084.45,0
NIFTY,26000,17-06-2026 11:26:00,24085.95,24088.90,24082.30,24082.30,0
NIFTY,26000,17-06-2026 11:25:00,24085.85,24087.95,24082.30,24084.25,0
NIFTY,26000,17-06-2026 11:24:00,24088.95,24089.30,24083.90,24084.55,0
NIFTY,26000,17-06-2026 11:23:00,24091.20,24091.45,24086.35,24087.25,0
NIFTY,26000,17-06-2026 11:22:00,24089.65,24090.75,24086.80,24089.55,0
NIFTY,26000,17-06-2026 11:21:00,24087.75,24090.10,24084.85,24088.70,0
NIFTY,26000,17-06-2026 11:20:00,24088.55,24089.80,24085.15,24086.25,0
NIFTY,26000,17-06-2026 11:19:00,24081.30,24088.15,24079.00,24087.50,0
NIFTY,26000,17-06-2026 11:18:00,24080.65,24081.75,24077.60,24080.25,0
NIFTY,26000,17-06-2026 11:17:00,24081.15,24081.35,24076.30,24079.10,0
NIFTY,26000,17-06-2026 11:16:00,24083.75,24084.00,24073.05,24080.25,0
NIFTY,26000,17-06-2026 11:15:00,24082.00,24086.95,24078.55,24082.70,0
NIFTY,26000,17-06-2026 11:14:00,24074.90,24083.10,24073.45,24081.70,0
NIFTY,26000,17-06-2026 11:13:00,24073.80,24075.50,24070.90,24073.70,0
NIFTY,26000,17-06-2026 11:12:00,24070.55,24074.50,24067.75,24072.45,0
NIFTY,26000,17-06-2026 11:11:00,24070.15,24070.15,24064.95,24068.95,0
NIFTY,26000,17-06-2026 11:10:00,24070.45,24072.20,24062.05,24068.65,0
NIFTY,26000,17-06-2026 11:09:00,24073.00,24073.25,24068.70,24069.05,0
NIFTY,26000,17-06-2026 11:08:00,24076.80,24076.80,24070.30,24071.70,0
NIFTY,26000,17-06-2026 11:07:00,24075.80,24078.55,24073.55,24075.10,0
NIFTY,26000,17-06-2026 11:06:00,24073.85,24076.00,24071.55,24074.25,0
NIFTY,26000,17-06-2026 11:05:00,24074.90,24075.10,24070.60,24072.00,0
NIFTY,26000,17-06-2026 11:04:00,24075.95,24076.50,24071.40,24073.15,0
NIFTY,26000,17-06-2026 11:03:00,24074.75,24076.45,24072.40,24075.20,0
NIFTY,26000,17-06-2026 11:02:00,24074.90,24075.65,24072.10,24073.45,0
NIFTY,26000,17-06-2026 11:01:00,24078.60,24079.05,24071.85,24073.90,0
NIFTY,26000,17-06-2026 11:00:00,24081.70,24082.50,24077.50,24077.70,0
NIFTY,26000,17-06-2026 10:59:00,24081.95,24083.85,24077.70,24080.00,0
NIFTY,26000,17-06-2026 10:58:00,24088.95,24090.05,24078.45,24080.35,0
NIFTY,26000,17-06-2026 10:57:00,24091.15,24093.05,24086.30,24086.80,0
NIFTY,26000,17-06-2026 10:56:00,24094.05,24097.40,24085.95,24089.20,0
NIFTY,26000,17-06-2026 10:55:00,24084.25,24095.95,24083.90,24094.50,0
NIFTY,26000,17-06-2026 10:54:00,24082.60,24083.45,24078.30,24083.45,0
NIFTY,26000,17-06-2026 10:53:00,24085.25,24085.60,24080.00,24081.00,0
NIFTY,26000,17-06-2026 10:52:00,24079.30,24084.65,24075.75,24084.25,0
NIFTY,26000,17-06-2026 10:51:00,24077.85,24080.20,24075.65,24078.00,0
NIFTY,26000,17-06-2026 10:50:00,24078.65,24079.40,24074.75,24076.25,0
NIFTY,26000,17-06-2026 10:49:00,24078.85,24079.30,24074.55,24076.55,0
NIFTY,26000,17-06-2026 10:48:00,24082.75,24082.95,24073.95,24076.80,0
NIFTY,26000,17-06-2026 10:47:00,24086.65,24087.85,24080.75,24081.65,0
NIFTY,26000,17-06-2026 10:46:00,24086.70,24088.05,24083.65,24085.70,0
NIFTY,26000,17-06-2026 10:45:00,24086.35,24088.70,24083.85,24085.70,0
NIFTY,26000,17-06-2026 10:44:00,24087.10,24087.65,24082.70,24085.75,0
NIFTY,26000,17-06-2026 10:43:00,24087.25,24087.55,24081.70,24085.45,0
NIFTY,26000,17-06-2026 10:42:00,24088.00,24088.60,24081.00,24086.40,0
NIFTY,26000,17-06-2026 10:41:00,24084.80,24087.45,24082.75,24087.15,0
NIFTY,26000,17-06-2026 10:40:00,24080.15,24084.70,24077.00,24083.95,0
NIFTY,26000,17-06-2026 10:39:00,24083.20,24083.35,24077.05,24078.75,0
NIFTY,26000,17-06-2026 10:38:00,24086.40,24087.95,24081.15,24081.40,0
NIFTY,26000,17-06-2026 10:37:00,24081.45,24085.60,24076.80,24085.25,0
NIFTY,26000,17-06-2026 10:36:00,24081.05,24083.80,24077.30,24080.05,0
NIFTY,26000,17-06-2026 10:35:00,24077.05,24082.35,24075.25,24080.80,0
NIFTY,26000,17-06-2026 10:34:00,24065.25,24075.75,24062.95,24075.70,0
NIFTY,26000,17-06-2026 10:33:00,24069.65,24070.30,24062.50,24063.00,0
NIFTY,26000,17-06-2026 10:32:00,24068.85,24069.85,24065.60,24067.60,0
NIFTY,26000,17-06-2026 10:31:00,24071.35,24071.75,24065.65,24067.65,0
NIFTY,26000,17-06-2026 10:30:00,24067.80,24074.50,24066.65,24070.35,0
NIFTY,26000,17-06-2026 10:29:00,24072.60,24075.35,24065.55,24066.90,0
NIFTY,26000,17-06-2026 10:28:00,24077.20,24078.00,24070.75,24071.35,0
NIFTY,26000,17-06-2026 10:27:00,24078.45,24078.65,24073.20,24076.30,0
NIFTY,26000,17-06-2026 10:26:00,24081.90,24082.65,24075.05,24076.05,0
NIFTY,26000,17-06-2026 10:25:00,24080.55,24082.80,24078.80,24081.40,0
NIFTY,26000,17-06-2026 10:24:00,24074.80,24080.65,24072.90,24078.70,0
NIFTY,26000,17-06-2026 10:23:00,24070.85,24075.65,24069.25,24074.15,0
NIFTY,26000,17-06-2026 10:22:00,24070.10,24071.60,24066.15,24069.80,0
NIFTY,26000,17-06-2026 10:21:00,24070.55,24073.95,24066.25,24067.25,0
NIFTY,26000,17-06-2026 10:20:00,24067.60,24071.90,24065.60,24069.15,0
NIFTY,26000,17-06-2026 10:19:00,24062.60,24067.30,24062.60,24066.95,0
NIFTY,26000,17-06-2026 10:18:00,24061.95,24064.85,24059.90,24063.80,0
NIFTY,26000,17-06-2026 10:17:00,24058.60,24061.40,24054.60,24059.45,0
NIFTY,26000,17-06-2026 10:16:00,24054.80,24061.35,24053.05,24057.05,0
NIFTY,26000,17-06-2026 10:15:00,24048.25,24054.15,24046.45,24054.05,0
NIFTY,26000,17-06-2026 10:14:00,24054.05,24056.85,24046.55,24047.70,0
NIFTY,26000,17-06-2026 10:13:00,24059.20,24059.20,24051.00,24052.85,0
NIFTY,26000,17-06-2026 10:12:00,24064.30,24064.60,24057.45,24057.45,0
NIFTY,26000,17-06-2026 10:11:00,24062.20,24066.75,24059.25,24063.10,0
NIFTY,26000,17-06-2026 10:10:00,24062.20,24064.30,24060.00,24060.65,0
NIFTY,26000,17-06-2026 10:09:00,24061.25,24064.55,24059.90,24061.15,0
NIFTY,26000,17-06-2026 10:08:00,24054.05,24061.70,24053.20,24060.20,0
NIFTY,26000,17-06-2026 10:07:00,24050.50,24054.90,24047.50,24052.90,0
NIFTY,26000,17-06-2026 10:06:00,24046.25,24050.00,24043.70,24049.45,0
NIFTY,26000,17-06-2026 10:05:00,24047.70,24048.75,24043.15,24045.55,0
NIFTY,26000,17-06-2026 10:04:00,24049.50,24050.60,24045.50,24046.05,0
NIFTY,26000,17-06-2026 10:03:00,24057.10,24057.65,24047.85,24047.95,0
NIFTY,26000,17-06-2026 10:02:00,24058.65,24059.30,24052.30,24055.55,0
NIFTY,26000,17-06-2026 10:01:00,24060.10,24060.75,24054.40,24056.95,0
NIFTY,26000,17-06-2026 10:00:00,24067.90,24069.20,24058.60,24058.90,0
NIFTY,26000,17-06-2026 09:59:00,24070.05,24071.05,24064.50,24065.85,0
NIFTY,26000,17-06-2026 09:58:00,24063.95,24071.65,24062.75,24067.60,0
NIFTY,26000,17-06-2026 09:57:00,24062.75,24064.60,24059.40,24062.35,0
NIFTY,26000,17-06-2026 09:56:00,24059.80,24063.35,24056.65,24061.50,0
NIFTY,26000,17-06-2026 09:55:00,24065.80,24066.40,24057.60,24059.40,0
NIFTY,26000,17-06-2026 09:54:00,24065.05,24066.30,24061.45,24063.80,0
NIFTY,26000,17-06-2026 09:53:00,24065.20,24065.65,24061.15,24062.50,0
NIFTY,26000,17-06-2026 09:52:00,24060.40,24064.15,24057.95,24063.00,0
NIFTY,26000,17-06-2026 09:51:00,24059.30,24062.05,24055.75,24060.25,0
NIFTY,26000,17-06-2026 09:50:00,24064.90,24065.45,24054.65,24057.65,0
NIFTY,26000,17-06-2026 09:49:00,24061.70,24067.55,24059.95,24064.05,0
NIFTY,26000,17-06-2026 09:48:00,24056.20,24061.75,24053.80,24061.45,0
NIFTY,26000,17-06-2026 09:47:00,24065.90,24066.00,24054.80,24054.80,0
NIFTY,26000,17-06-2026 09:46:00,24061.25,24067.00,24061.25,24064.05,0
NIFTY,26000,17-06-2026 09:45:00,24063.80,24065.50,24059.85,24064.85,0
NIFTY,26000,17-06-2026 09:44:00,24059.15,24063.80,24057.10,24061.55,0
NIFTY,26000,17-06-2026 09:43:00,24056.10,24059.70,24051.85,24057.85,0
NIFTY,26000,17-06-2026 09:42:00,24055.05,24057.05,24051.30,24054.60,0
NIFTY,26000,17-06-2026 09:41:00,24047.00,24054.90,24045.20,24053.00,0
NIFTY,26000,17-06-2026 09:40:00,24051.60,24055.45,24045.50,24046.90,0
NIFTY,26000,17-06-2026 09:39:00,24050.10,24052.85,24048.15,24050.90,0
NIFTY,26000,17-06-2026 09:38:00,24042.25,24049.35,24040.35,24048.70,0
NIFTY,26000,17-06-2026 09:37:00,24036.65,24042.75,24034.30,24040.60,0
NIFTY,26000,17-06-2026 09:36:00,24037.95,24038.30,24033.05,24034.30,0
NIFTY,26000,17-06-2026 09:35:00,24033.15,24036.90,24026.60,24033.75,0
NIFTY,26000,17-06-2026 09:34:00,24042.20,24043.30,24031.60,24032.10,0
NIFTY,26000,17-06-2026 09:33:00,24040.15,24042.25,24036.35,24042.00,0
NIFTY,26000,17-06-2026 09:32:00,24031.70,24038.65,24030.75,24038.25,0
NIFTY,26000,17-06-2026 09:31:00,24024.95,24032.80,24022.95,24031.40,0
NIFTY,26000,17-06-2026 09:30:00,24022.75,24027.20,24017.70,24024.50,0
NIFTY,26000,17-06-2026 09:29:00,24011.40,24021.95,24010.20,24020.70,0
NIFTY,26000,17-06-2026 09:28:00,24004.25,24012.85,24000.10,24009.35,0
NIFTY,26000,17-06-2026 09:27:00,24001.65,24010.50,23999.35,24002.15,0
NIFTY,26000,17-06-2026 09:26:00,23994.85,24000.90,23991.60,23999.45,0
NIFTY,26000,17-06-2026 09:25:00,23989.65,23994.90,23985.60,23992.50,0
NIFTY,26000,17-06-2026 09:24:00,23990.25,23994.10,23985.05,23987.60,0
NIFTY,26000,17-06-2026 09:23:00,23987.70,23990.50,23981.50,23988.30,0
NIFTY,26000,17-06-2026 09:22:00,23987.00,23989.30,23980.95,23986.90,0
NIFTY,26000,17-06-2026 09:21:00,23996.60,23996.60,23982.35,23986.10,0
NIFTY,26000,17-06-2026 09:20:00,23982.30,23996.95,23973.95,23993.90,0
NIFTY,26000,17-06-2026 09:19:00,23993.10,23995.40,23969.70,23979.35,0
NIFTY,26000,17-06-2026 09:18:00,24012.85,24012.85,23991.35,23992.25,0
NIFTY,26000,17-06-2026 09:17:00,24005.90,24015.20,24000.25,24009.90,0
NIFTY,26000,17-06-2026 09:16:00,24008.90,24013.00,23999.90,24003.65,0
NIFTY,26000,17-06-2026 09:15:00,24045.45,24048.05,23996.25,24006.90,0
NIFTY,26000,17-06-2026 09:14:00,24044.50,24044.50,24044.50,24044.50,0
NIFTY,26000,16-06-2026 15:29:00,23987.75,23997.40,23985.40,23995.00,0
NIFTY,26000,16-06-2026 15:28:00,23988.40,23993.35,23984.70,23988.30,0
NIFTY,26000,16-06-2026 15:27:00,23987.65,23989.55,23983.85,23986.05,0
NIFTY,26000,16-06-2026 15:26:00,23985.00,23988.30,23982.65,23987.05,0
NIFTY,26000,16-06-2026 15:25:00,23986.10,23992.80,23982.75,23984.30,0
NIFTY,26000,16-06-2026 15:24:00,23989.70,23991.25,23983.10,23985.20,0
NIFTY,26000,16-06-2026 15:23:00,23987.45,23990.70,23984.55,23988.95,0
NIFTY,26000,16-06-2026 15:22:00,23987.70,23990.40,23984.90,23987.15,0
NIFTY,26000,16-06-2026 15:21:00,23985.80,23990.85,23985.60,23988.20,0
NIFTY,26000,16-06-2026 15:20:00,23982.60,23987.55,23981.65,23986.85,0
NIFTY,26000,16-06-2026 15:19:00,23983.90,23985.25,23981.50,23983.45,0
NIFTY,26000,16-06-2026 15:18:00,23987.60,23988.45,23982.20,23983.40,0
NIFTY,26000,16-06-2026 15:17:00,23988.75,23989.40,23984.75,23987.65,0
NIFTY,26000,16-06-2026 15:16:00,23981.95,23991.55,23981.30,23987.30,0
NIFTY,26000,16-06-2026 15:15:00,23987.75,23988.80,23980.10,23982.45,0
NIFTY,26000,16-06-2026 15:14:00,23986.95,23990.30,23986.35,23986.80,0
NIFTY,26000,16-06-2026 15:13:00,23986.30,23988.70,23984.75,23986.90,0
NIFTY,26000,16-06-2026 15:12:00,23988.95,23988.95,23983.60,23985.75,0
NIFTY,26000,16-06-2026 15:11:00,23986.15,23992.50,23985.10,23986.95,0
NIFTY,26000,16-06-2026 15:10:00,23989.90,23991.30,23985.20,23985.80,0
NIFTY,26000,16-06-2026 15:09:00,23988.00,23990.95,23986.25,23989.55,0
NIFTY,26000,16-06-2026 15:08:00,23991.10,23992.05,23984.65,23986.30,0
NIFTY,26000,16-06-2026 15:07:00,23993.55,23996.15,23990.20,23990.55,0
NIFTY,26000,16-06-2026 15:06:00,23986.10,23995.05,23984.20,23993.15,0
NIFTY,26000,16-06-2026 15:05:00,23982.25,23986.85,23976.60,23983.60,0
NIFTY,26000,16-06-2026 15:04:00,23989.80,23990.80,23980.45,23981.75,0
NIFTY,26000,16-06-2026 15:03:00,23998.40,24002.60,23989.15,23989.30,0
NIFTY,26000,16-06-2026 15:02:00,23990.05,23997.30,23987.15,23997.30,0
NIFTY,26000,16-06-2026 15:01:00,23978.90,23990.80,23978.55,23989.50,0
NIFTY,26000,16-06-2026 15:00:00,23988.40,23991.75,23978.65,23978.85,0
NIFTY,26000,16-06-2026 14:59:00,23985.65,23988.45,23981.40,23986.45,0
NIFTY,26000,16-06-2026 14:58:00,23985.50,23990.75,23983.75,23988.75,0
NIFTY,26000,16-06-2026 14:57:00,23988.65,23989.20,23980.15,23985.05,0
NIFTY,26000,16-06-2026 14:56:00,23996.40,23998.80,23983.30,23988.30,0
NIFTY,26000,16-06-2026 14:55:00,23994.15,23997.10,23991.65,23996.35,0
NIFTY,26000,16-06-2026 14:54:00,23993.00,23997.20,23991.80,23993.70,0
NIFTY,26000,16-06-2026 14:53:00,23977.90,23993.40,23977.50,23992.80,0
NIFTY,26000,16-06-2026 14:52:00,23974.45,23979.85,23973.65,23977.70,0
NIFTY,26000,16-06-2026 14:51:00,23976.35,23979.30,23970.30,23974.25,0
NIFTY,26000,16-06-2026 14:50:00,23980.65,23982.00,23973.05,23976.05,0
NIFTY,26000,16-06-2026 14:49:00,23983.60,23985.20,23970.25,23980.75,0
NIFTY,26000,16-06-2026 14:48:00,23976.55,23987.25,23976.55,23984.25,0
NIFTY,26000,16-06-2026 14:47:00,23974.70,23980.65,23974.70,23977.10,0
NIFTY,26000,16-06-2026 14:46:00,23974.30,23980.05,23971.15,23974.90,0
NIFTY,26000,16-06-2026 14:45:00,23962.95,23974.70,23962.70,23972.80,0
NIFTY,26000,16-06-2026 14:44:00,23978.95,23982.80,23963.45,23963.45,0
NIFTY,26000,16-06-2026 14:43:00,23989.30,23991.75,23978.40,23978.90,0
NIFTY,26000,16-06-2026 14:42:00,23994.95,23996.10,23988.45,23989.35,0
NIFTY,26000,16-06-2026 14:41:00,23994.85,23997.75,23992.45,23994.75,0
NIFTY,26000,16-06-2026 14:40:00,24000.80,24002.40,23991.35,23994.95,0
NIFTY,26000,16-06-2026 14:39:00,23987.05,24001.60,23985.50,24001.00,0
NIFTY,26000,16-06-2026 14:38:00,23987.60,23989.30,23986.05,23986.75,0
NIFTY,26000,16-06-2026 14:37:00,23992.15,23994.65,23985.30,23987.70,0
NIFTY,26000,16-06-2026 14:36:00,23993.95,23999.10,23990.75,23992.65,0
NIFTY,26000,16-06-2026 14:35:00,23995.35,23996.00,23988.85,23993.70,0
NIFTY,26000,16-06-2026 14:34:00,23990.95,23999.85,23990.95,23995.05,0
NIFTY,26000,16-06-2026 14:33:00,23987.95,23992.05,23987.40,23989.75,0
NIFTY,26000,16-06-2026 14:32:00,23992.80,23993.35,23986.00,23987.70,0
NIFTY,26000,16-06-2026 14:31:00,23993.45,23996.60,23990.80,23993.50,0
NIFTY,26000,16-06-2026 14:30:00,23985.15,23994.75,23985.15,23992.90,0
NIFTY,26000,16-06-2026 14:29:00,23988.55,23990.05,23982.10,23984.20,0
NIFTY,26000,16-06-2026 14:28:00,23987.30,23990.30,23985.05,23988.45,0
NIFTY,26000,16-06-2026 14:27:00,23989.45,23990.55,23983.65,23987.10,0
NIFTY,26000,16-06-2026 14:26:00,23987.90,23992.00,23985.60,23988.80,0
NIFTY,26000,16-06-2026 14:25:00,23991.05,23991.95,23986.10,23987.70,0
NIFTY,26000,16-06-2026 14:24:00,23983.40,23990.95,23978.10,23989.75,0
NIFTY,26000,16-06-2026 14:23:00,23983.75,23985.70,23981.25,23982.60,0
NIFTY,26000,16-06-2026 14:22:00,23985.40,23987.85,23983.45,23983.45,0
NIFTY,26000,16-06-2026 14:21:00,23990.05,23990.80,23981.85,23985.35,0
NIFTY,26000,16-06-2026 14:20:00,23991.20,23993.65,23986.40,23989.85,0
NIFTY,26000,16-06-2026 14:19:00,23994.30,23995.55,23991.40,23992.35,0
NIFTY,26000,16-06-2026 14:18:00,23995.85,23997.60,23993.40,23994.00,0
NIFTY,26000,16-06-2026 14:17:00,23994.25,24000.30,23990.05,23996.05,0
NIFTY,26000,16-06-2026 14:16:00,23995.95,24000.10,23993.95,23993.95,0
NIFTY,26000,16-06-2026 14:15:00,23994.00,23999.00,23993.60,23996.50,0
NIFTY,26000,16-06-2026 14:14:00,23993.40,23997.80,23992.90,23994.35,0
NIFTY,26000,16-06-2026 14:13:00,23992.00,23994.30,23989.20,23993.55,0
NIFTY,26000,16-06-2026 14:12:00,23987.25,23995.35,23985.60,23991.85,0
NIFTY,26000,16-06-2026 14:11:00,23992.05,23995.05,23986.20,23987.60,0
NIFTY,26000,16-06-2026 14:10:00,23982.30,23992.95,23982.15,23991.65,0
NIFTY,26000,16-06-2026 14:09:00,23978.10,23984.15,23976.05,23982.05,0
NIFTY,26000,16-06-2026 14:08:00,23976.85,23982.15,23975.50,23977.55,0
NIFTY,26000,16-06-2026 14:07:00,23976.30,23977.85,23971.70,23976.30,0
NIFTY,26000,16-06-2026 14:06:00,23979.35,23980.45,23976.00,23976.25,0
NIFTY,26000,16-06-2026 14:05:00,23974.35,23981.60,23972.85,23979.15,0
NIFTY,26000,16-06-2026 14:04:00,23975.55,23977.30,23973.70,23973.70,0
NIFTY,26000,16-06-2026 14:03:00,23964.20,23977.40,23963.45,23975.95,0
NIFTY,26000,16-06-2026 14:02:00,23971.05,23973.95,23964.05,23964.80,0
NIFTY,26000,16-06-2026 14:01:00,23976.15,23976.95,23969.60,23970.05,0
NIFTY,26000,16-06-2026 14:00:00,23967.40,23978.65,23964.95,23975.80,0
NIFTY,26000,16-06-2026 13:59:00,23970.30,23971.30,23966.25,23967.05,0
NIFTY,26000,16-06-2026 13:58:00,23974.10,23975.20,23967.20,23970.70,0
NIFTY,26000,16-06-2026 13:57:00,23972.90,23976.90,23971.95,23974.00,0
NIFTY,26000,16-06-2026 13:56:00,23965.10,23974.25,23964.90,23972.30,0
NIFTY,26000,16-06-2026 13:55:00,23962.40,23967.30,23961.45,23965.80,0
NIFTY,26000,16-06-2026 13:54:00,23957.95,23962.15,23955.75,23961.65,0
NIFTY,26000,16-06-2026 13:53:00,23965.05,23966.65,23956.50,23957.55,0
NIFTY,26000,16-06-2026 13:52:00,23962.15,23965.85,23961.00,23964.80,0
NIFTY,26000,16-06-2026 13:51:00,23966.60,23967.45,23960.40,23961.60,0
NIFTY,26000,16-06-2026 13:50:00,23972.65,23973.55,23965.70,23966.70,0
NIFTY,26000,16-06-2026 13:49:00,23966.05,23974.05,23965.90,23971.90,0
NIFTY,26000,16-06-2026 13:48:00,23965.75,23968.10,23964.20,23965.75,0
NIFTY,26000,16-06-2026 13:47:00,23966.65,23969.20,23964.10,23965.70,0
NIFTY,26000,16-06-2026 13:46:00,23970.25,23972.60,23965.15,23966.90,0
NIFTY,26000,16-06-2026 13:45:00,23964.65,23971.65,23964.50,23970.65,0
NIFTY,26000,16-06-2026 13:44:00,23969.00,23970.10,23963.20,23964.85,0
NIFTY,26000,16-06-2026 13:43:00,23971.40,23974.00,23964.10,23968.65,0
NIFTY,26000,16-06-2026 13:42:00,23963.70,23973.55,23961.75,23970.20,0
NIFTY,26000,16-06-2026 13:41:00,23969.20,23971.50,23962.75,23963.55,0
NIFTY,26000,16-06-2026 13:40:00,23968.75,23972.70,23968.30,23968.45,0
NIFTY,26000,16-06-2026 13:39:00,23972.25,23976.95,23968.65,23968.95,0
NIFTY,26000,16-06-2026 13:38:00,23975.10,23975.60,23970.10,23972.15,0
NIFTY,26000,16-06-2026 13:37:00,23973.80,23976.50,23971.90,23974.65,0
NIFTY,26000,16-06-2026 13:36:00,23966.30,23974.85,23965.80,23973.65,0
NIFTY,26000,16-06-2026 13:35:00,23967.80,23969.35,23963.40,23966.50,0
NIFTY,26000,16-06-2026 13:34:00,23963.50,23968.85,23962.25,23967.35,0
NIFTY,26000,16-06-2026 13:33:00,23962.05,23964.95,23960.75,23962.75,0
NIFTY,26000,16-06-2026 13:32:00,23961.55,23964.50,23959.65,23961.85,0
NIFTY,26000,16-06-2026 13:31:00,23964.55,23965.95,23961.00,23961.35,0
NIFTY,26000,16-06-2026 13:30:00,23967.15,23969.15,23963.75,23964.10,0
NIFTY,26000,16-06-2026 13:29:00,23964.15,23969.20,23962.60,23966.80,0
NIFTY,26000,16-06-2026 13:28:00,23960.05,23965.15,23959.10,23964.60,0
NIFTY,26000,16-06-2026 13:27:00,23965.75,23969.80,23958.70,23960.10,0
NIFTY,26000,16-06-2026 13:26:00,23958.85,23968.25,23956.45,23965.95,0
NIFTY,26000,16-06-2026 13:25:00,23956.80,23962.00,23954.90,23958.65,0
NIFTY,26000,16-06-2026 13:24:00,23957.20,23958.85,23955.15,23956.35,0
NIFTY,26000,16-06-2026 13:23:00,23955.60,23961.95,23954.00,23956.50,0
NIFTY,26000,16-06-2026 13:22:00,23948.35,23958.20,23948.35,23956.25,0
NIFTY,26000,16-06-2026 13:21:00,23940.50,23948.05,23938.45,23948.05,0
NIFTY,26000,16-06-2026 13:20:00,23941.60,23942.90,23937.15,23940.60,0
NIFTY,26000,16-06-2026 13:19:00,23943.75,23946.10,23935.50,23939.70,0
NIFTY,26000,16-06-2026 13:18:00,23944.10,23947.70,23941.45,23943.45,0
NIFTY,26000,16-06-2026 13:17:00,23945.60,23950.55,23942.20,23945.05,0
NIFTY,26000,16-06-2026 13:16:00,23946.80,23948.95,23944.25,23945.00,0
NIFTY,26000,16-06-2026 13:15:00,23946.65,23948.75,23941.85,23946.40,0
NIFTY,26000,16-06-2026 13:14:00,23940.20,23947.90,23940.15,23946.85,0
NIFTY,26000,16-06-2026 13:13:00,23947.15,23950.65,23938.35,23939.35,0
NIFTY,26000,16-06-2026 13:12:00,23941.30,23947.40,23940.85,23947.35,0
NIFTY,26000,16-06-2026 13:11:00,23941.05,23944.25,23940.05,23941.25,0
NIFTY,26000,16-06-2026 13:10:00,23938.80,23943.45,23936.55,23940.25,0
NIFTY,26000,16-06-2026 13:09:00,23932.15,23939.25,23930.10,23938.15,0
NIFTY,26000,16-06-2026 13:08:00,23929.90,23933.55,23928.20,23931.35,0
NIFTY,26000,16-06-2026 13:07:00,23928.60,23931.35,23925.65,23928.75,0
NIFTY,26000,16-06-2026 13:06:00,23931.80,23935.35,23927.40,23929.20,0
NIFTY,26000,16-06-2026 13:05:00,23928.95,23932.40,23926.00,23931.15,0
NIFTY,26000,16-06-2026 13:04:00,23924.40,23931.05,23923.80,23929.10,0
NIFTY,26000,16-06-2026 13:03:00,23929.00,23929.70,23923.45,23924.20,0
NIFTY,26000,16-06-2026 13:02:00,23929.35,23932.50,23928.25,23929.10,0
NIFTY,26000,16-06-2026 13:01:00,23936.75,23937.40,23929.20,23929.70,0
NIFTY,26000,16-06-2026 13:00:00,23935.85,23940.20,23934.55,23936.80,0
NIFTY,26000,16-06-2026 12:59:00,23931.70,23938.75,23930.80,23935.65,0
NIFTY,26000,16-06-2026 12:58:00,23935.20,23936.65,23927.75,23932.40,0
NIFTY,26000,16-06-2026 12:57:00,23927.75,23935.50,23927.75,23934.50,0
NIFTY,26000,16-06-2026 12:56:00,23921.15,23929.35,23920.10,23926.50,0
NIFTY,26000,16-06-2026 12:55:00,23924.80,23924.80,23917.40,23921.75,0
NIFTY,26000,16-06-2026 12:54:00,23921.75,23925.55,23915.50,23924.95,0
NIFTY,26000,16-06-2026 12:53:00,23926.90,23927.95,23919.45,23921.95,0
NIFTY,26000,16-06-2026 12:52:00,23933.05,23934.05,23926.40,23926.70,0
NIFTY,26000,16-06-2026 12:51:00,23931.25,23934.35,23930.25,23933.00,0
NIFTY,26000,16-06-2026 12:50:00,23934.70,23935.90,23930.20,23930.70,0
NIFTY,26000,16-06-2026 12:49:00,23930.95,23935.40,23928.20,23934.35,0
NIFTY,26000,16-06-2026 12:48:00,23928.60,23931.90,23927.80,23930.80,0
NIFTY,26000,16-06-2026 12:47:00,23924.15,23929.55,23924.15,23928.35,0
NIFTY,26000,16-06-2026 12:46:00,23927.05,23927.90,23922.00,23923.75,0
NIFTY,26000,16-06-2026 12:45:00,23928.00,23929.20,23924.50,23926.75,0
NIFTY,26000,16-06-2026 12:44:00,23924.20,23928.10,23919.00,23927.25,0
NIFTY,26000,16-06-2026 12:43:00,23926.75,23927.25,23920.70,23923.95,0
NIFTY,26000,16-06-2026 12:42:00,23928.70,23930.95,23926.60,23926.60,0
NIFTY,26000,16-06-2026 12:41:00,23930.00,23931.80,23926.70,23928.00,0
NIFTY,26000,16-06-2026 12:40:00,23935.75,23936.70,23929.60,23929.60,0
NIFTY,26000,16-06-2026 12:39:00,23931.65,23939.75,23931.50,23936.10,0
NIFTY,26000,16-06-2026 12:38:00,23929.00,23932.75,23923.80,23931.30,0
NIFTY,26000,16-06-2026 12:37:00,23928.65,23932.40,23925.90,23928.95,0
NIFTY,26000,16-06-2026 12:36:00,23926.45,23933.60,23923.50,23928.25,0
NIFTY,26000,16-06-2026 12:35:00,23924.25,23927.90,23922.50,23926.55,0
NIFTY,26000,16-06-2026 12:34:00,23927.25,23928.85,23922.20,23923.55,0
NIFTY,26000,16-06-2026 12:33:00,23933.70,23937.15,23925.70,23926.40,0
NIFTY,26000,16-06-2026 12:32:00,23940.75,23941.20,23931.75,23933.95,0
NIFTY,26000,16-06-2026 12:31:00,23944.65,23947.10,23940.50,23940.55,0
NIFTY,26000,16-06-2026 12:30:00,23940.80,23944.95,23940.45,23944.05,0
NIFTY,26000,16-06-2026 12:29:00,23940.95,23943.20,23938.05,23940.15,0
NIFTY,26000,16-06-2026 12:28:00,23933.50,23942.05,23932.65,23940.25,0
NIFTY,26000,16-06-2026 12:27:00,23927.70,23933.60,23925.95,23933.00,0
NIFTY,26000,16-06-2026 12:26:00,23929.15,23930.85,23925.15,23928.40,0
NIFTY,26000,16-06-2026 12:25:00,23917.25,23929.90,23914.95,23929.70,0
NIFTY,26000,16-06-2026 12:24:00,23913.95,23926.55,23913.70,23918.65,0
NIFTY,26000,16-06-2026 12:23:00,23917.25,23918.45,23903.35,23914.70,0
NIFTY,26000,16-06-2026 12:22:00,23915.65,23917.60,23912.65,23916.45,0
NIFTY,26000,16-06-2026 12:21:00,23914.00,23916.95,23912.80,23914.80,0
NIFTY,26000,16-06-2026 12:20:00,23914.05,23916.60,23912.20,23914.70,0
NIFTY,26000,16-06-2026 12:19:00,23923.90,23924.40,23913.35,23915.45,0
NIFTY,26000,16-06-2026 12:18:00,23923.20,23925.15,23917.40,23923.00,0
NIFTY,26000,16-06-2026 12:17:00,23923.40,23927.60,23922.20,23923.00,0
NIFTY,26000,16-06-2026 12:16:00,23920.80,23927.00,23919.55,23922.35,0
NIFTY,26000,16-06-2026 12:15:00,23928.00,23928.80,23920.45,23920.60,0
NIFTY,26000,16-06-2026 12:14:00,23935.35,23936.80,23927.00,23928.05,0
NIFTY,26000,16-06-2026 12:13:00,23931.80,23937.00,23930.80,23935.55,0
NIFTY,26000,16-06-2026 12:12:00,23932.70,23938.75,23928.55,23931.15,0
NIFTY,26000,16-06-2026 12:11:00,23934.30,23934.90,23928.20,23932.60,0
NIFTY,26000,16-06-2026 12:10:00,23932.10,23937.65,23929.55,23934.35,0
NIFTY,26000,16-06-2026 12:09:00,23935.40,23936.80,23929.50,23932.80,0
NIFTY,26000,16-06-2026 12:08:00,23931.95,23937.30,23930.60,23935.35,0
NIFTY,26000,16-06-2026 12:07:00,23932.85,23936.10,23927.55,23931.60,0
NIFTY,26000,16-06-2026 12:06:00,23926.05,23934.10,23925.10,23932.75,0
NIFTY,26000,16-06-2026 12:05:00,23929.95,23931.55,23925.35,23925.35,0
NIFTY,26000,16-06-2026 12:04:00,23921.35,23933.70,23920.45,23929.35,0
NIFTY,26000,16-06-2026 12:03:00,23927.30,23927.50,23919.10,23921.55,0
NIFTY,26000,16-06-2026 12:02:00,23934.95,23936.95,23926.60,23926.85,0
NIFTY,26000,16-06-2026 12:01:00,23937.50,23943.65,23934.35,23934.35,0
NIFTY,26000,16-06-2026 12:00:00,23938.45,23941.95,23936.25,23937.40,0
NIFTY,26000,16-06-2026 11:59:00,23938.90,23940.60,23934.85,23938.50,0
NIFTY,26000,16-06-2026 11:58:00,23927.35,23941.85,23926.75,23938.75,0
NIFTY,26000,16-06-2026 11:57:00,23922.95,23928.25,23921.30,23927.05,0
NIFTY,26000,16-06-2026 11:56:00,23922.85,23927.30,23921.00,23923.35,0
NIFTY,26000,16-06-2026 11:55:00,23938.20,23938.20,23920.60,23922.70,0
NIFTY,26000,16-06-2026 11:54:00,23940.70,23940.80,23933.95,23936.70,0
NIFTY,26000,16-06-2026 11:53:00,23937.70,23943.60,23934.95,23938.40,0
NIFTY,26000,16-06-2026 11:52:00,23939.30,23945.40,23934.45,23937.80,0
NIFTY,26000,16-06-2026 11:51:00,23938.95,23941.10,23932.70,23938.45,0
NIFTY,26000,16-06-2026 11:50:00,23932.70,23949.75,23931.85,23939.05,0
NIFTY,26000,16-06-2026 11:49:00,23934.90,23936.20,23927.00,23933.40,0
NIFTY,26000,16-06-2026 11:48:00,23932.60,23937.90,23931.30,23934.80,0
NIFTY,26000,16-06-2026 11:47:00,23934.00,23935.35,23928.30,23933.35,0
NIFTY,26000,16-06-2026 11:46:00,23922.20,23934.45,23920.45,23933.25,0
NIFTY,26000,16-06-2026 11:45:00,23924.70,23929.80,23922.15,23922.15,0
NIFTY,26000,16-06-2026 11:44:00,23924.80,23928.45,23922.05,23927.10,0
NIFTY,26000,16-06-2026 11:43:00,23926.80,23929.45,23923.00,23924.45,0
NIFTY,26000,16-06-2026 11:42:00,23921.10,23929.35,23919.55,23926.65,0
NIFTY,26000,16-06-2026 11:41:00,23918.80,23920.95,23915.20,23920.20,0
NIFTY,26000,16-06-2026 11:40:00,23922.45,23922.95,23914.80,23918.70,0
NIFTY,26000,16-06-2026 11:39:00,23915.95,23922.70,23915.95,23922.55,0
NIFTY,26000,16-06-2026 11:38:00,23923.50,23925.30,23911.45,23915.80,0
NIFTY,26000,16-06-2026 11:37:00,23924.50,23925.30,23919.15,23924.10,0
NIFTY,26000,16-06-2026 11:36:00,23924.65,23927.30,23921.25,23924.85,0
NIFTY,26000,16-06-2026 11:35:00,23932.45,23934.20,23923.55,23925.60,0
NIFTY,26000,16-06-2026 11:34:00,23924.05,23934.35,23922.75,23929.65,0
NIFTY,26000,16-06-2026 11:33:00,23923.65,23927.05,23923.10,23924.35,0
NIFTY,26000,16-06-2026 11:32:00,23926.30,23927.00,23921.20,23922.90,0
NIFTY,26000,16-06-2026 11:31:00,23928.65,23929.45,23924.70,23926.05,0
NIFTY,26000,16-06-2026 11:30:00,23929.70,23933.35,23927.25,23928.60,0
NIFTY,26000,16-06-2026 11:29:00,23929.95,23931.65,23927.45,23929.45,0
NIFTY,26000,16-06-2026 11:28:00,23933.60,23933.60,23926.90,23929.40,0
NIFTY,26000,16-06-2026 11:27:00,23935.15,23937.30,23932.55,23933.25,0
NIFTY,26000,16-06-2026 11:26:00,23943.80,23944.95,23934.95,23935.55,0
NIFTY,26000,16-06-2026 11:25:00,23945.00,23947.55,23942.40,23943.90,0
NIFTY,26000,16-06-2026 11:24:00,23935.95,23945.40,23935.75,23944.80,0
NIFTY,26000,16-06-2026 11:23:00,23925.15,23937.85,23924.15,23936.30,0
NIFTY,26000,16-06-2026 11:22:00,23928.75,23931.30,23923.95,23924.65,0
NIFTY,26000,16-06-2026 11:21:00,23926.95,23930.50,23924.55,23929.15,0
NIFTY,26000,16-06-2026 11:20:00,23930.35,23930.90,23924.10,23926.80,0
NIFTY,26000,16-06-2026 11:19:00,23936.00,23936.60,23929.70,23930.05,0
NIFTY,26000,16-06-2026 11:18:00,23940.10,23940.35,23933.40,23936.05,0
NIFTY,26000,16-06-2026 11:17:00,23947.50,23947.75,23938.25,23939.95,0
NIFTY,26000,16-06-2026 11:16:00,23948.85,23951.40,23946.05,23946.35,0
NIFTY,26000,16-06-2026 11:15:00,23940.40,23949.85,23937.65,23949.40,0
NIFTY,26000,16-06-2026 11:14:00,23936.70,23941.05,23934.85,23940.55,0
NIFTY,26000,16-06-2026 11:13:00,23934.35,23936.65,23931.80,23932.80,0
NIFTY,26000,16-06-2026 11:12:00,23941.55,23942.70,23933.40,23933.75,0
NIFTY,26000,16-06-2026 11:11:00,23940.20,23943.10,23939.05,23941.25,0
NIFTY,26000,16-06-2026 11:10:00,23942.85,23945.75,23936.25,23940.60,0
NIFTY,26000,16-06-2026 11:09:00,23945.35,23947.85,23941.90,23943.15,0
NIFTY,26000,16-06-2026 11:08:00,23953.00,23953.55,23943.30,23945.00,0
NIFTY,26000,16-06-2026 11:07:00,23954.90,23959.65,23952.00,23953.05,0
NIFTY,26000,16-06-2026 11:06:00,23952.95,23957.75,23952.05,23955.65,0
NIFTY,26000,16-06-2026 11:05:00,23946.65,23952.45,23943.15,23952.45,0
NIFTY,26000,16-06-2026 11:04:00,23955.40,23955.50,23946.70,23946.70,0
NIFTY,26000,16-06-2026 11:03:00,23956.55,23959.60,23953.50,23954.85,0
NIFTY,26000,16-06-2026 11:02:00,23958.10,23960.50,23955.75,23956.40,0
NIFTY,26000,16-06-2026 11:01:00,23963.30,23963.30,23955.60,23958.65,0
NIFTY,26000,16-06-2026 11:00:00,23967.55,23970.20,23961.10,23963.00,0
NIFTY,26000,16-06-2026 10:59:00,23972.50,23973.15,23964.05,23966.65,0
NIFTY,26000,16-06-2026 10:58:00,23969.15,23975.35,23966.50,23972.05,0
NIFTY,26000,16-06-2026 10:57:00,23969.15,23972.80,23968.40,23969.30,0
NIFTY,26000,16-06-2026 10:56:00,23975.20,23977.00,23967.85,23968.55,0
NIFTY,26000,16-06-2026 10:55:00,23969.45,23977.30,23969.25,23975.50,0
NIFTY,26000,16-06-2026 10:54:00,23973.60,23975.55,23968.75,23969.55,0
NIFTY,26000,16-06-2026 10:53:00,23973.75,23975.05,23970.90,23973.45,0
NIFTY,26000,16-06-2026 10:52:00,23969.95,23975.00,23967.15,23973.05,0
NIFTY,26000,16-06-2026 10:51:00,23968.25,23971.35,23965.05,23969.50,0
NIFTY,26000,16-06-2026 10:50:00,23976.40,23977.80,23968.85,23969.90,0
NIFTY,26000,16-06-2026 10:49:00,23975.15,23977.30,23972.00,23976.35,0
NIFTY,26000,16-06-2026 10:48:00,23969.60,23976.65,23969.10,23974.50,0
NIFTY,26000,16-06-2026 10:47:00,23971.10,23972.90,23967.20,23968.75,0
NIFTY,26000,16-06-2026 10:46:00,23965.25,23972.30,23963.75,23970.05,0
NIFTY,26000,16-06-2026 10:45:00,23962.20,23969.35,23959.60,23964.60,0
NIFTY,26000,16-06-2026 10:44:00,23957.75,23963.65,23956.60,23962.10,0
NIFTY,26000,16-06-2026 10:43:00,23959.10,23960.50,23954.90,23957.65,0
NIFTY,26000,16-06-2026 10:42:00,23962.15,23963.15,23956.80,23959.35,0
NIFTY,26000,16-06-2026 10:41:00,23966.80,23971.30,23961.50,23961.75,0
NIFTY,26000,16-06-2026 10:40:00,23964.30,23969.45,23963.60,23967.30,0
NIFTY,26000,16-06-2026 10:39:00,23969.95,23972.00,23964.15,23964.20,0
NIFTY,26000,16-06-2026 10:38:00,23968.20,23971.20,23968.10,23969.60,0
NIFTY,26000,16-06-2026 10:37:00,23963.95,23972.75,23963.25,23968.25,0
NIFTY,26000,16-06-2026 10:36:00,23959.40,23964.90,23958.40,23963.55,0
NIFTY,26000,16-06-2026 10:35:00,23952.25,23960.00,23950.20,23959.45,0
NIFTY,26000,16-06-2026 10:34:00,23950.40,23953.70,23949.10,23952.70,0
NIFTY,26000,16-06-2026 10:33:00,23949.05,23951.20,23946.60,23950.50,0
NIFTY,26000,16-06-2026 10:32:00,23952.55,23953.20,23949.15,23950.15,0
NIFTY,26000,16-06-2026 10:31:00,23952.95,23954.55,23950.30,23952.75,0
NIFTY,26000,16-06-2026 10:30:00,23943.50,23953.20,23941.65,23953.20,0
NIFTY,26000,16-06-2026 10:29:00,23939.10,23945.40,23937.95,23943.35,0
NIFTY,26000,16-06-2026 10:28:00,23934.90,23939.80,23932.80,23938.90,0
NIFTY,26000,16-06-2026 10:27:00,23945.85,23945.90,23933.45,23934.50,0
NIFTY,26000,16-06-2026 10:26:00,23943.45,23946.55,23942.90,23945.60,0
NIFTY,26000,16-06-2026 10:25:00,23940.90,23943.95,23938.75,23943.20,0
NIFTY,26000,16-06-2026 10:24:00,23947.85,23948.55,23938.15,23940.75,0
NIFTY,26000,16-06-2026 10:23:00,23947.70,23948.95,23942.65,23947.80,0
NIFTY,26000,16-06-2026 10:22:00,23950.60,23953.85,23947.10,23947.25,0
NIFTY,26000,16-06-2026 10:21:00,23939.40,23951.65,23936.60,23950.95,0
NIFTY,26000,16-06-2026 10:20:00,23928.15,23939.90,23926.75,23938.35,0
NIFTY,26000,16-06-2026 10:19:00,23927.10,23929.50,23922.25,23927.90,0
NIFTY,26000,16-06-2026 10:18:00,23927.30,23931.10,23925.35,23926.90,0
NIFTY,26000,16-06-2026 10:17:00,23922.70,23928.55,23920.80,23928.05,0
NIFTY,26000,16-06-2026 10:16:00,23910.90,23924.30,23909.65,23921.95,0
NIFTY,26000,16-06-2026 10:15:00,23910.45,23913.95,23909.70,23911.05,0
NIFTY,26000,16-06-2026 10:14:00,23905.45,23911.40,23903.10,23910.05,0
NIFTY,26000,16-06-2026 10:13:00,23908.05,23908.65,23900.90,23905.10,0
NIFTY,26000,16-06-2026 10:12:00,23901.40,23908.25,23900.65,23907.55,0
NIFTY,26000,16-06-2026 10:11:00,23899.15,23903.45,23897.35,23900.90,0
NIFTY,26000,16-06-2026 10:10:00,23900.70,23901.30,23897.05,23899.05,0
NIFTY,26000,16-06-2026 10:09:00,23900.40,23905.70,23900.40,23900.65,0
NIFTY,26000,16-06-2026 10:08:00,23900.60,23901.65,23895.65,23901.10,0
NIFTY,26000,16-06-2026 10:07:00,23912.60,23912.60,23900.60,23900.65,0
NIFTY,26000,16-06-2026 10:06:00,23917.10,23918.10,23911.15,23912.35,0
NIFTY,26000,16-06-2026 10:05:00,23906.20,23917.30,23903.70,23917.20,0
NIFTY,26000,16-06-2026 10:04:00,23910.10,23913.15,23904.70,23905.70,0
NIFTY,26000,16-06-2026 10:03:00,23918.65,23919.20,23907.40,23910.05,0
NIFTY,26000,16-06-2026 10:02:00,23927.95,23930.30,23918.15,23918.85,0
NIFTY,26000,16-06-2026 10:01:00,23943.70,23944.65,23928.40,23928.95,0
NIFTY,26000,16-06-2026 10:00:00,23941.00,23947.35,23940.25,23943.85,0
NIFTY,26000,16-06-2026 09:59:00,23937.55,23941.90,23937.55,23939.70,0
NIFTY,26000,16-06-2026 09:58:00,23937.15,23940.40,23935.95,23938.05,0
NIFTY,26000,16-06-2026 09:57:00,23938.65,23941.30,23935.50,23936.90,0
NIFTY,26000,16-06-2026 09:56:00,23932.15,23940.80,23932.15,23938.25,0
NIFTY,26000,16-06-2026 09:55:00,23937.00,23938.55,23931.20,23932.25,0
NIFTY,26000,16-06-2026 09:54:00,23936.55,23940.75,23934.90,23936.60,0
NIFTY,26000,16-06-2026 09:53:00,23934.65,23938.15,23932.85,23935.70,0
NIFTY,26000,16-06-2026 09:52:00,23922.30,23935.20,23921.80,23933.60,0
NIFTY,26000,16-06-2026 09:51:00,23917.85,23923.45,23916.60,23921.80,0
NIFTY,26000,16-06-2026 09:50:00,23934.70,23937.25,23916.30,23917.55,0
NIFTY,26000,16-06-2026 09:49:00,23937.25,23940.80,23932.30,23935.05,0
NIFTY,26000,16-06-2026 09:48:00,23937.30,23942.70,23936.15,23937.60,0
NIFTY,26000,16-06-2026 09:47:00,23934.40,23939.10,23930.25,23937.50,0
NIFTY,26000,16-06-2026 09:46:00,23923.75,23937.85,23923.10,23935.00,0
NIFTY,26000,16-06-2026 09:45:00,23917.90,23925.80,23916.20,23924.00,0
NIFTY,26000,16-06-2026 09:44:00,23919.90,23924.60,23917.55,23917.80,0
NIFTY,26000,16-06-2026 09:43:00,23924.05,23927.45,23917.05,23919.65,0
NIFTY,26000,16-06-2026 09:42:00,23924.35,23931.45,23924.00,23924.15,0
NIFTY,26000,16-06-2026 09:41:00,23930.30,23932.00,23922.85,23924.65,0
NIFTY,26000,16-06-2026 09:40:00,23935.15,23936.75,23929.65,23930.05,0
NIFTY,26000,16-06-2026 09:39:00,23939.95,23941.30,23931.80,23934.40,0
NIFTY,26000,16-06-2026 09:38:00,23944.30,23946.15,23939.40,23939.70,0
NIFTY,26000,16-06-2026 09:37:00,23935.30,23949.25,23935.30,23944.55,0
NIFTY,26000,16-06-2026 09:36:00,23940.85,23943.90,23932.10,23936.15,0
NIFTY,26000,16-06-2026 09:35:00,23943.50,23948.10,23940.10,23940.75,0
NIFTY,26000,16-06-2026 09:34:00,23951.80,23954.75,23939.50,23943.05,0
NIFTY,26000,16-06-2026 09:33:00,23950.35,23954.30,23949.25,23952.35,0
NIFTY,26000,16-06-2026 09:32:00,23935.60,23951.05,23935.15,23949.15,0
NIFTY,26000,16-06-2026 09:31:00,23941.45,23943.35,23932.70,23935.25,0
NIFTY,26000,16-06-2026 09:30:00,23938.20,23944.85,23938.20,23941.05,0
NIFTY,26000,16-06-2026 09:29:00,23931.70,23939.50,23931.70,23938.10,0
NIFTY,26000,16-06-2026 09:28:00,23928.05,23936.45,23926.90,23930.95,0
NIFTY,26000,16-06-2026 09:27:00,23919.65,23927.75,23919.50,23927.75,0
NIFTY,26000,16-06-2026 09:26:00,23923.65,23929.50,23917.05,23920.10,0
NIFTY,26000,16-06-2026 09:25:00,23914.95,23927.30,23914.95,23922.90,0
NIFTY,26000,16-06-2026 09:24:00,23923.75,23925.25,23914.10,23914.45,0
NIFTY,26000,16-06-2026 09:23:00,23931.10,23937.45,23919.10,23924.05,0
NIFTY,26000,16-06-2026 09:22:00,23910.10,23934.00,23910.10,23931.30,0
NIFTY,26000,16-06-2026 09:21:00,23919.60,23925.50,23910.40,23910.40,0
NIFTY,26000,16-06-2026 09:20:00,23932.80,23936.25,23916.50,23919.15,0
NIFTY,26000,16-06-2026 09:19:00,23930.65,23941.10,23930.50,23933.05,0
NIFTY,26000,16-06-2026 09:18:00,23920.85,23934.40,23920.85,23930.35,0
NIFTY,26000,16-06-2026 09:17:00,23922.80,23930.15,23915.05,23920.65,0
NIFTY,26000,16-06-2026 09:16:00,23910.85,23923.15,23900.75,23923.15,0
NIFTY,26000,16-06-2026 09:15:00,23925.60,23931.10,23888.20,23909.35,0
NIFTY,26000,16-06-2026 09:14:00,23923.90,23923.90,23923.90,23923.90,0
NIFTY,26000,15-06-2026 15:29:00,23851.00,23857.40,23846.05,23856.55,0
NIFTY,26000,15-06-2026 15:28:00,23849.85,23854.35,23847.30,23852.00,0
NIFTY,26000,15-06-2026 15:27:00,23846.95,23850.10,23842.90,23849.05,0
NIFTY,26000,15-06-2026 15:26:00,23847.70,23848.40,23842.85,23846.60,0
NIFTY,26000,15-06-2026 15:25:00,23857.10,23858.35,23845.90,23846.05,0
NIFTY,26000,15-06-2026 15:24:00,23860.95,23862.15,23854.75,23856.85,0
NIFTY,26000,15-06-2026 15:23:00,23860.60,23862.30,23857.65,23861.00,0
NIFTY,26000,15-06-2026 15:22:00,23858.25,23863.85,23853.45,23859.75,0
NIFTY,26000,15-06-2026 15:21:00,23866.60,23866.75,23855.10,23856.80,0
NIFTY,26000,15-06-2026 15:20:00,23862.40,23867.85,23861.60,23866.05,0
NIFTY,26000,15-06-2026 15:19:00,23866.40,23867.55,23860.40,23860.40,0
NIFTY,26000,15-06-2026 15:18:00,23865.35,23867.30,23860.25,23866.50,0
NIFTY,26000,15-06-2026 15:17:00,23860.90,23865.95,23857.25,23865.25,0
NIFTY,26000,15-06-2026 15:16:00,23854.10,23862.60,23850.15,23860.30,0
NIFTY,26000,15-06-2026 15:15:00,23845.10,23854.35,23843.50,23853.00,0
NIFTY,26000,15-06-2026 15:14:00,23836.95,23845.70,23831.45,23843.60,0
NIFTY,26000,15-06-2026 15:13:00,23824.50,23837.30,23818.05,23835.10,0
NIFTY,26000,15-06-2026 15:12:00,23834.95,23835.00,23817.80,23823.60,0
NIFTY,26000,15-06-2026 15:11:00,23843.70,23845.45,23831.60,23833.55,0
NIFTY,26000,15-06-2026 15:10:00,23848.70,23849.95,23842.40,23842.95,0
NIFTY,26000,15-06-2026 15:09:00,23854.35,23854.35,23844.45,23847.40,0
NIFTY,26000,15-06-2026 15:08:00,23854.20,23856.90,23850.15,23852.15,0
NIFTY,26000,15-06-2026 15:07:00,23854.85,23856.20,23846.95,23853.10,0
NIFTY,26000,15-06-2026 15:06:00,23864.60,23864.60,23852.00,23852.00,0
NIFTY,26000,15-06-2026 15:05:00,23867.95,23867.95,23856.50,23863.10,0
NIFTY,26000,15-06-2026 15:04:00,23873.80,23875.10,23864.95,23866.50,0
NIFTY,26000,15-06-2026 15:03:00,23867.85,23874.60,23860.40,23872.65,0
NIFTY,26000,15-06-2026 15:02:00,23868.70,23877.65,23862.40,23865.60,0
NIFTY,26000,15-06-2026 15:01:00,23860.25,23867.15,23850.35,23865.65,0
NIFTY,26000,15-06-2026 15:00:00,23897.65,23904.05,23859.15,23859.25,0
NIFTY,26000,15-06-2026 14:59:00,23898.20,23898.20,23888.10,23894.60,0
NIFTY,26000,15-06-2026 14:58:00,23899.40,23899.40,23895.55,23897.20,0
NIFTY,26000,15-06-2026 14:57:00,23898.65,23899.85,23894.90,23898.10,0
NIFTY,26000,15-06-2026 14:56:00,23897.80,23901.95,23893.45,23897.60,0
NIFTY,26000,15-06-2026 14:55:00,23898.30,23902.30,23895.35,23897.05,0
NIFTY,26000,15-06-2026 14:54:00,23900.65,23904.40,23896.60,23896.95,0
NIFTY,26000,15-06-2026 14:53:00,23906.40,23906.50,23894.90,23900.80,0
NIFTY,26000,15-06-2026 14:52:00,23892.95,23908.00,23892.35,23904.25,0
NIFTY,26000,15-06-2026 14:51:00,23908.80,23909.70,23890.45,23891.10,0
NIFTY,26000,15-06-2026 14:50:00,23920.80,23925.45,23908.20,23909.60,0
NIFTY,26000,15-06-2026 14:49:00,23929.75,23930.50,23917.80,23919.20,0
NIFTY,26000,15-06-2026 14:48:00,23918.40,23931.55,23916.80,23928.45,0
NIFTY,26000,15-06-2026 14:47:00,23916.95,23921.10,23915.25,23916.70,0
NIFTY,26000,15-06-2026 14:46:00,23921.55,23921.70,23911.10,23914.80,0
NIFTY,26000,15-06-2026 14:45:00,23923.95,23924.40,23917.30,23922.00,0
NIFTY,26000,15-06-2026 14:44:00,23926.80,23927.10,23923.15,23924.20,0
NIFTY,26000,15-06-2026 14:43:00,23919.35,23928.30,23917.80,23926.50,0
NIFTY,26000,15-06-2026 14:42:00,23925.70,23926.70,23916.50,23919.05,0
NIFTY,26000,15-06-2026 14:41:00,23934.50,23934.50,23924.45,23924.45,0
NIFTY,26000,15-06-2026 14:40:00,23934.35,23935.75,23930.95,23933.70,0
NIFTY,26000,15-06-2026 14:39:00,23932.90,23939.45,23930.70,23932.45,0
NIFTY,26000,15-06-2026 14:38:00,23935.20,23935.45,23928.30,23931.70,0
NIFTY,26000,15-06-2026 14:37:00,23934.20,23937.40,23928.20,23935.05,0
NIFTY,26000,15-06-2026 14:36:00,23942.25,23942.25,23932.95,23934.90,0
NIFTY,26000,15-06-2026 14:35:00,23925.75,23942.60,23925.40,23941.10,0
NIFTY,26000,15-06-2026 14:34:00,23922.60,23927.05,23920.85,23924.00,0
NIFTY,26000,15-06-2026 14:33:00,23928.10,23928.10,23917.30,23921.15,0
NIFTY,26000,15-06-2026 14:32:00,23921.10,23929.90,23918.30,23927.40,0
NIFTY,26000,15-06-2026 14:31:00,23917.75,23925.75,23915.05,23920.05,0
NIFTY,26000,15-06-2026 14:30:00,23908.15,23917.75,23907.45,23916.80,0
NIFTY,26000,15-06-2026 14:29:00,23908.45,23908.45,23902.40,23906.80,0
NIFTY,26000,15-06-2026 14:28:00,23911.45,23914.45,23906.35,23906.40,0
NIFTY,26000,15-06-2026 14:27:00,23912.30,23914.45,23907.70,23911.15,0
NIFTY,26000,15-06-2026 14:26:00,23914.35,23914.35,23907.50,23911.05,0
NIFTY,26000,15-06-2026 14:25:00,23911.20,23916.75,23907.90,23913.75,0
NIFTY,26000,15-06-2026 14:24:00,23902.35,23915.35,23900.80,23909.75,0
NIFTY,26000,15-06-2026 14:23:00,23900.20,23902.45,23896.75,23901.60,0
NIFTY,26000,15-06-2026 14:22:00,23904.10,23907.45,23898.35,23899.75,0
NIFTY,26000,15-06-2026 14:21:00,23904.35,23911.15,23902.55,23903.35,0
NIFTY,26000,15-06-2026 14:20:00,23900.75,23905.00,23897.60,23903.35,0
NIFTY,26000,15-06-2026 14:19:00,23902.50,23908.30,23898.65,23900.50,0
NIFTY,26000,15-06-2026 14:18:00,23896.15,23904.15,23892.80,23901.10,0
NIFTY,26000,15-06-2026 14:17:00,23890.80,23896.55,23889.90,23894.75,0
NIFTY,26000,15-06-2026 14:16:00,23892.85,23892.85,23887.40,23889.95,0
NIFTY,26000,15-06-2026 14:15:00,23891.10,23893.85,23889.45,23891.30,0
NIFTY,26000,15-06-2026 14:14:00,23892.30,23893.20,23887.50,23889.30,0
NIFTY,26000,15-06-2026 14:13:00,23896.10,23899.40,23891.15,23891.15,0
NIFTY,26000,15-06-2026 14:12:00,23895.50,23900.30,23893.35,23895.90,0
NIFTY,26000,15-06-2026 14:11:00,23892.00,23896.35,23890.00,23894.15,0
NIFTY,26000,15-06-2026 14:10:00,23889.95,23893.20,23887.20,23891.30,0
NIFTY,26000,15-06-2026 14:09:00,23891.70,23891.70,23882.60,23887.60,0
NIFTY,26000,15-06-2026 14:08:00,23891.30,23896.00,23889.45,23890.20,0
NIFTY,26000,15-06-2026 14:07:00,23892.25,23892.70,23884.75,23890.15,0
NIFTY,26000,15-06-2026 14:06:00,23894.85,23894.85,23888.85,23891.05,0
NIFTY,26000,15-06-2026 14:05:00,23896.70,23898.20,23891.20,23893.85,0
NIFTY,26000,15-06-2026 14:04:00,23905.30,23907.00,23895.70,23895.75,0
NIFTY,26000,15-06-2026 14:03:00,23902.55,23906.65,23900.50,23904.05,0
NIFTY,26000,15-06-2026 14:02:00,23911.05,23911.05,23901.10,23901.10,0
NIFTY,26000,15-06-2026 14:01:00,23912.80,23912.95,23906.95,23909.00,0
NIFTY,26000,15-06-2026 14:00:00,23907.75,23913.90,23904.80,23911.85,0
NIFTY,26000,15-06-2026 13:59:00,23905.70,23908.60,23899.30,23905.65,0
NIFTY,26000,15-06-2026 13:58:00,23904.75,23910.70,23901.55,23905.05,0
NIFTY,26000,15-06-2026 13:57:00,23894.05,23906.55,23893.15,23904.55,0
NIFTY,26000,15-06-2026 13:56:00,23886.05,23894.30,23884.60,23893.25,0
NIFTY,26000,15-06-2026 13:55:00,23887.20,23888.80,23882.65,23885.35,0
NIFTY,26000,15-06-2026 13:54:00,23876.60,23888.95,23873.75,23886.85,0
NIFTY,26000,15-06-2026 13:53:00,23873.95,23878.80,23869.20,23874.75,0
NIFTY,26000,15-06-2026 13:52:00,23879.35,23879.35,23865.85,23873.85,0
NIFTY,26000,15-06-2026 13:51:00,23896.50,23896.80,23877.60,23878.35,0
NIFTY,26000,15-06-2026 13:50:00,23897.30,23900.20,23895.55,23895.65,0
NIFTY,26000,15-06-2026 13:49:00,23900.85,23900.85,23892.65,23896.35,0
NIFTY,26000,15-06-2026 13:48:00,23902.90,23903.40,23897.90,23898.65,0
NIFTY,26000,15-06-2026 13:47:00,23900.40,23906.20,23898.65,23902.85,0
NIFTY,26000,15-06-2026 13:46:00,23895.60,23901.35,23894.30,23898.05,0
NIFTY,26000,15-06-2026 13:45:00,23895.10,23897.35,23893.00,23894.90,0
NIFTY,26000,15-06-2026 13:44:00,23901.95,23901.95,23893.15,23893.95,0
NIFTY,26000,15-06-2026 13:43:00,23898.50,23906.70,23892.70,23899.85,0
NIFTY,26000,15-06-2026 13:42:00,23898.15,23898.45,23890.95,23898.25,0
NIFTY,26000,15-06-2026 13:41:00,23892.95,23898.05,23883.80,23897.45,0
NIFTY,26000,15-06-2026 13:40:00,23902.75,23903.45,23891.45,23892.50,0
NIFTY,26000,15-06-2026 13:39:00,23904.05,23904.55,23895.35,23902.60,0
NIFTY,26000,15-06-2026 13:38:00,23906.30,23906.30,23902.25,23902.25,0
NIFTY,26000,15-06-2026 13:37:00,23910.95,23911.70,23905.35,23905.55,0
NIFTY,26000,15-06-2026 13:36:00,23909.95,23912.05,23907.60,23910.75,0
NIFTY,26000,15-06-2026 13:35:00,23908.40,23911.80,23907.00,23908.80,0
NIFTY,26000,15-06-2026 13:34:00,23907.60,23913.10,23906.00,23907.85,0
NIFTY,26000,15-06-2026 13:33:00,23903.70,23908.65,23902.65,23907.40,0
NIFTY,26000,15-06-2026 13:32:00,23905.40,23905.55,23900.40,23901.90,0
NIFTY,26000,15-06-2026 13:31:00,23906.85,23906.85,23903.20,23904.45,0
NIFTY,26000,15-06-2026 13:30:00,23907.50,23909.00,23904.50,23906.60,0
NIFTY,26000,15-06-2026 13:29:00,23905.85,23909.95,23903.70,23906.65,0
NIFTY,26000,15-06-2026 13:28:00,23906.55,23907.95,23903.20,23903.85,0
NIFTY,26000,15-06-2026 13:27:00,23911.90,23913.10,23904.95,23904.95,0
NIFTY,26000,15-06-2026 13:26:00,23912.65,23916.35,23910.70,23910.70,0
NIFTY,26000,15-06-2026 13:25:00,23912.90,23915.15,23907.20,23911.70,0
NIFTY,26000,15-06-2026 13:24:00,23908.80,23916.35,23908.30,23913.35,0
NIFTY,26000,15-06-2026 13:23:00,23904.90,23909.05,23903.95,23908.00,0
NIFTY,26000,15-06-2026 13:22:00,23900.95,23904.75,23900.20,23904.65,0
NIFTY,26000,15-06-2026 13:21:00,23900.10,23903.70,23899.30,23901.70,0
NIFTY,26000,15-06-2026 13:20:00,23899.75,23903.70,23897.90,23900.55,0
NIFTY,26000,15-06-2026 13:19:00,23907.95,23908.55,23897.20,23899.05,0
NIFTY,26000,15-06-2026 13:18:00,23914.10,23915.10,23906.75,23907.90,0
NIFTY,26000,15-06-2026 13:17:00,23910.20,23917.90,23909.65,23914.05,0
NIFTY,26000,15-06-2026 13:16:00,23907.05,23911.80,23905.25,23909.60,0
NIFTY,26000,15-06-2026 13:15:00,23916.55,23916.65,23905.15,23907.25,0
NIFTY,26000,15-06-2026 13:14:00,23920.90,23922.20,23915.30,23916.10,0
NIFTY,26000,15-06-2026 13:13:00,23933.40,23933.40,23918.65,23921.40,0
NIFTY,26000,15-06-2026 13:12:00,23932.70,23935.00,23931.40,23932.90,0
NIFTY,26000,15-06-2026 13:11:00,23930.50,23932.65,23926.05,23931.35,0
NIFTY,26000,15-06-2026 13:10:00,23913.65,23930.95,23912.00,23930.35,0
NIFTY,26000,15-06-2026 13:09:00,23905.35,23912.70,23904.35,23912.50,0
NIFTY,26000,15-06-2026 13:08:00,23903.70,23906.00,23901.40,23905.25,0
NIFTY,26000,15-06-2026 13:07:00,23902.30,23905.05,23899.15,23903.65,0
NIFTY,26000,15-06-2026 13:06:00,23898.50,23901.10,23893.95,23901.05,0
NIFTY,26000,15-06-2026 13:05:00,23897.15,23900.90,23897.15,23898.35,0
NIFTY,26000,15-06-2026 13:04:00,23896.80,23898.70,23894.95,23897.60,0
NIFTY,26000,15-06-2026 13:03:00,23900.80,23901.50,23892.80,23896.90,0
NIFTY,26000,15-06-2026 13:02:00,23898.10,23903.65,23896.55,23901.15,0
NIFTY,26000,15-06-2026 13:01:00,23901.30,23901.50,23896.30,23898.05,0
NIFTY,26000,15-06-2026 13:00:00,23907.85,23908.25,23900.05,23900.40,0
NIFTY,26000,15-06-2026 12:59:00,23909.10,23911.95,23905.40,23906.95,0
NIFTY,26000,15-06-2026 12:58:00,23908.00,23909.65,23907.00,23908.70,0
NIFTY,26000,15-06-2026 12:57:00,23906.30,23910.50,23904.90,23907.90,0
NIFTY,26000,15-06-2026 12:56:00,23906.95,23912.50,23905.20,23906.75,0
NIFTY,26000,15-06-2026 12:55:00,23903.70,23908.30,23903.15,23907.15,0
NIFTY,26000,15-06-2026 12:54:00,23901.80,23906.30,23901.40,23903.40,0
NIFTY,26000,15-06-2026 12:53:00,23903.45,23904.45,23900.00,23901.50,0
NIFTY,26000,15-06-2026 12:52:00,23903.45,23904.05,23899.65,23903.65,0
NIFTY,26000,15-06-2026 12:51:00,23907.50,23907.95,23901.95,23903.15,0
NIFTY,26000,15-06-2026 12:50:00,23900.10,23906.25,23896.65,23905.80,0
NIFTY,26000,15-06-2026 12:49:00,23902.70,23902.70,23898.10,23899.60,0
NIFTY,26000,15-06-2026 12:48:00,23908.55,23908.60,23900.90,23901.75,0
NIFTY,26000,15-06-2026 12:47:00,23909.35,23910.00,23905.95,23908.85,0
NIFTY,26000,15-06-2026 12:46:00,23912.95,23913.95,23907.70,23908.20,0
NIFTY,26000,15-06-2026 12:45:00,23913.55,23913.75,23909.90,23913.05,0
NIFTY,26000,15-06-2026 12:44:00,23908.45,23913.35,23908.10,23912.85,0
NIFTY,26000,15-06-2026 12:43:00,23905.20,23909.90,23904.05,23907.70,0
NIFTY,26000,15-06-2026 12:42:00,23899.40,23904.60,23897.35,23904.30,0
NIFTY,26000,15-06-2026 12:41:00,23902.35,23903.00,23898.55,23899.35,0
NIFTY,26000,15-06-2026 12:40:00,23907.00,23907.90,23900.10,23902.15,0
NIFTY,26000,15-06-2026 12:39:00,23914.45,23914.45,23905.05,23906.85,0
NIFTY,26000,15-06-2026 12:38:00,23912.35,23914.75,23910.45,23913.25,0
NIFTY,26000,15-06-2026 12:37:00,23916.20,23916.20,23911.25,23912.20,0
NIFTY,26000,15-06-2026 12:36:00,23915.70,23917.80,23913.85,23915.70,0
NIFTY,26000,15-06-2026 12:35:00,23906.70,23916.55,23905.80,23915.65,0
NIFTY,26000,15-06-2026 12:34:00,23898.75,23907.10,23895.30,23906.30,0
NIFTY,26000,15-06-2026 12:33:00,23898.85,23900.50,23896.30,23898.05,0
NIFTY,26000,15-06-2026 12:32:00,23896.65,23900.55,23895.20,23898.70,0
NIFTY,26000,15-06-2026 12:31:00,23897.80,23901.30,23894.70,23895.15,0
NIFTY,26000,15-06-2026 12:30:00,23896.00,23900.55,23892.35,23897.75,0
NIFTY,26000,15-06-2026 12:29:00,23901.60,23901.95,23893.80,23894.75,0
NIFTY,26000,15-06-2026 12:28:00,23908.05,23909.90,23900.85,23900.90,0
NIFTY,26000,15-06-2026 12:27:00,23905.85,23908.95,23903.60,23908.10,0
NIFTY,26000,15-06-2026 12:26:00,23907.80,23908.30,23903.70,23905.60,0
NIFTY,26000,15-06-2026 12:25:00,23914.20,23915.20,23906.85,23908.55,0
NIFTY,26000,15-06-2026 12:24:00,23916.40,23916.90,23911.30,23913.15,0
NIFTY,26000,15-06-2026 12:23:00,23915.60,23918.55,23914.00,23916.65,0
NIFTY,26000,15-06-2026 12:22:00,23913.75,23919.70,23913.50,23917.00,0
NIFTY,26000,15-06-2026 12:21:00,23909.35,23914.40,23909.05,23912.70,0
NIFTY,26000,15-06-2026 12:20:00,23908.65,23909.65,23903.05,23907.85,0
NIFTY,26000,15-06-2026 12:19:00,23916.00,23916.30,23906.60,23907.45,0
NIFTY,26000,15-06-2026 12:18:00,23908.05,23915.50,23907.40,23914.40,0
NIFTY,26000,15-06-2026 12:17:00,23910.30,23913.25,23905.80,23906.50,0
NIFTY,26000,15-06-2026 12:16:00,23924.00,23924.85,23909.90,23911.50,0
NIFTY,26000,15-06-2026 12:15:00,23930.70,23932.95,23923.40,23923.40,0
NIFTY,26000,15-06-2026 12:14:00,23934.95,23935.45,23930.20,23931.80,0
NIFTY,26000,15-06-2026 12:13:00,23935.95,23938.70,23933.60,23934.60,0
NIFTY,26000,15-06-2026 12:12:00,23936.65,23940.80,23935.30,23936.30,0
NIFTY,26000,15-06-2026 12:11:00,23934.35,23938.10,23933.95,23936.80,0
NIFTY,26000,15-06-2026 12:10:00,23935.75,23935.75,23930.05,23934.30,0
NIFTY,26000,15-06-2026 12:09:00,23939.95,23941.00,23933.25,23935.45,0
NIFTY,26000,15-06-2026 12:08:00,23940.80,23943.80,23937.90,23938.70,0
NIFTY,26000,15-06-2026 12:07:00,23947.25,23947.25,23940.90,23940.90,0
NIFTY,26000,15-06-2026 12:06:00,23941.95,23947.50,23938.25,23946.00,0
NIFTY,26000,15-06-2026 12:05:00,23951.55,23951.70,23941.25,23941.65,0
NIFTY,26000,15-06-2026 12:04:00,23953.85,23954.95,23949.10,23949.90,0
NIFTY,26000,15-06-2026 12:03:00,23954.35,23957.00,23950.15,23953.75,0
NIFTY,26000,15-06-2026 12:02:00,23958.90,23960.50,23953.35,23954.55,0
NIFTY,26000,15-06-2026 12:01:00,23961.55,23961.85,23955.95,23958.00,0
NIFTY,26000,15-06-2026 12:00:00,23961.65,23965.75,23959.30,23960.85,0
NIFTY,26000,15-06-2026 11:59:00,23960.60,23961.60,23957.05,23961.35,0
NIFTY,26000,15-06-2026 11:58:00,23965.85,23965.85,23956.70,23960.80,0
NIFTY,26000,15-06-2026 11:57:00,23964.80,23966.70,23962.70,23965.30,0
NIFTY,26000,15-06-2026 11:56:00,23969.15,23970.05,23962.40,23964.85,0
NIFTY,26000,15-06-2026 11:55:00,23967.60,23969.90,23966.40,23969.05,0
NIFTY,26000,15-06-2026 11:54:00,23970.10,23970.15,23965.40,23966.85,0
NIFTY,26000,15-06-2026 11:53:00,23963.75,23970.55,23962.65,23968.65,0
NIFTY,26000,15-06-2026 11:52:00,23963.20,23965.25,23961.70,23963.65,0
NIFTY,26000,15-06-2026 11:51:00,23959.00,23963.65,23958.95,23962.60,0
NIFTY,26000,15-06-2026 11:50:00,23961.45,23961.45,23955.65,23959.60,0
NIFTY,26000,15-06-2026 11:49:00,23958.20,23963.10,23952.80,23961.25,0
NIFTY,26000,15-06-2026 11:48:00,23957.95,23959.05,23953.40,23956.10,0
NIFTY,26000,15-06-2026 11:47:00,23951.05,23959.40,23950.00,23959.15,0
NIFTY,26000,15-06-2026 11:46:00,23952.65,23955.55,23950.10,23953.40,0
NIFTY,26000,15-06-2026 11:45:00,23958.10,23958.40,23950.70,23952.05,0
NIFTY,26000,15-06-2026 11:44:00,23965.25,23965.55,23957.25,23957.25,0
NIFTY,26000,15-06-2026 11:43:00,23965.00,23967.35,23963.70,23965.10,0
NIFTY,26000,15-06-2026 11:42:00,23967.30,23970.30,23963.25,23965.55,0
NIFTY,26000,15-06-2026 11:41:00,23969.50,23971.20,23964.30,23965.50,0
NIFTY,26000,15-06-2026 11:40:00,23967.60,23970.15,23965.40,23969.15,0
NIFTY,26000,15-06-2026 11:39:00,23965.55,23968.45,23962.60,23966.80,0
NIFTY,26000,15-06-2026 11:38:00,23968.25,23969.55,23961.45,23965.70,0
NIFTY,26000,15-06-2026 11:37:00,23965.90,23967.95,23963.80,23967.15,0
NIFTY,26000,15-06-2026 11:36:00,23966.70,23967.25,23963.25,23965.00,0
NIFTY,26000,15-06-2026 11:35:00,23963.25,23967.40,23963.25,23965.65,0
NIFTY,26000,15-06-2026 11:34:00,23961.40,23965.95,23961.15,23965.30,0
NIFTY,26000,15-06-2026 11:33:00,23972.50,23972.70,23961.95,23963.75,0
NIFTY,26000,15-06-2026 11:32:00,23969.00,23973.40,23968.20,23972.60,0
NIFTY,26000,15-06-2026 11:31:00,23974.15,23976.95,23968.25,23968.90,0
NIFTY,26000,15-06-2026 11:30:00,23977.95,23979.80,23975.10,23975.55,0
NIFTY,26000,15-06-2026 11:29:00,23979.05,23980.45,23974.85,23978.45,0
NIFTY,26000,15-06-2026 11:28:00,23972.90,23982.95,23972.00,23979.00,0
NIFTY,26000,15-06-2026 11:27:00,23971.50,23974.40,23970.55,23972.55,0
NIFTY,26000,15-06-2026 11:26:00,23968.80,23971.65,23967.10,23970.40,0
NIFTY,26000,15-06-2026 11:25:00,23965.10,23968.75,23964.80,23967.55,0
NIFTY,26000,15-06-2026 11:24:00,23965.85,23968.00,23963.05,23964.75,0
NIFTY,26000,15-06-2026 11:23:00,23966.80,23967.20,23963.40,23965.80,0
NIFTY,26000,15-06-2026 11:22:00,23969.95,23969.95,23962.20,23965.40,0
NIFTY,26000,15-06-2026 11:21:00,23971.20,23972.00,23967.90,23968.50,0
NIFTY,26000,15-06-2026 11:20:00,23972.30,23974.65,23967.35,23968.40,0
NIFTY,26000,15-06-2026 11:19:00,23973.35,23973.35,23967.05,23971.30,0
NIFTY,26000,15-06-2026 11:18:00,23966.55,23973.50,23965.30,23973.50,0
NIFTY,26000,15-06-2026 11:17:00,23966.80,23967.10,23962.60,23966.30,0
NIFTY,26000,15-06-2026 11:16:00,23966.95,23968.55,23962.50,23965.60,0
NIFTY,26000,15-06-2026 11:15:00,23968.20,23972.40,23964.30,23965.55,0
NIFTY,26000,15-06-2026 11:14:00,23971.50,23973.40,23966.30,23967.85,0
NIFTY,26000,15-06-2026 11:13:00,23975.75,23975.75,23969.35,23969.75,0
NIFTY,26000,15-06-2026 11:12:00,23976.20,23980.05,23970.80,23974.70,0
NIFTY,26000,15-06-2026 11:11:00,23983.65,23984.40,23973.50,23976.00,0
NIFTY,26000,15-06-2026 11:10:00,23980.70,23984.30,23975.80,23982.05,0
NIFTY,26000,15-06-2026 11:09:00,23981.15,23983.65,23978.95,23979.35,0
NIFTY,26000,15-06-2026 11:08:00,23982.95,23984.05,23980.20,23980.75,0
NIFTY,26000,15-06-2026 11:07:00,23974.20,23982.40,23970.90,23982.00,0
NIFTY,26000,15-06-2026 11:06:00,23978.25,23978.25,23971.55,23973.85,0
NIFTY,26000,15-06-2026 11:05:00,23983.25,23983.50,23973.90,23977.00,0
NIFTY,26000,15-06-2026 11:04:00,23980.15,23982.60,23976.60,23982.10,0
NIFTY,26000,15-06-2026 11:03:00,23978.50,23979.15,23971.55,23977.00,0
NIFTY,26000,15-06-2026 11:02:00,23989.15,23989.15,23977.60,23977.60,0
NIFTY,26000,15-06-2026 11:01:00,23997.05,23997.70,23985.50,23987.85,0
NIFTY,26000,15-06-2026 11:00:00,24001.40,24003.60,23995.35,23997.15,0
NIFTY,26000,15-06-2026 10:59:00,24003.35,24007.60,24000.95,24002.10,0
NIFTY,26000,15-06-2026 10:58:00,24007.00,24007.35,24000.30,24002.40,0
NIFTY,26000,15-06-2026 10:57:00,24002.55,24009.10,23998.65,24006.50,0
NIFTY,26000,15-06-2026 10:56:00,24001.85,24003.55,23996.85,24002.20,0
NIFTY,26000,15-06-2026 10:55:00,23997.35,24001.20,23995.25,24000.55,0
NIFTY,26000,15-06-2026 10:54:00,24001.40,24001.40,23993.05,23995.50,0
NIFTY,26000,15-06-2026 10:53:00,24008.90,24008.90,24000.35,24000.85,0
NIFTY,26000,15-06-2026 10:52:00,24005.40,24008.30,24002.05,24006.85,0
NIFTY,26000,15-06-2026 10:51:00,23999.10,24004.55,23994.80,24002.95,0
NIFTY,26000,15-06-2026 10:50:00,23989.60,23999.45,23989.60,23997.10,0
NIFTY,26000,15-06-2026 10:49:00,23984.30,23989.45,23981.10,23989.15,0
NIFTY,26000,15-06-2026 10:48:00,23988.30,23988.80,23982.75,23983.10,0
NIFTY,26000,15-06-2026 10:47:00,23983.10,23991.20,23981.20,23987.40,0
NIFTY,26000,15-06-2026 10:46:00,23983.10,23983.75,23978.70,23981.65,0
NIFTY,26000,15-06-2026 10:45:00,23979.65,23983.20,23974.75,23981.85,0
NIFTY,26000,15-06-2026 10:44:00,23982.00,23982.00,23976.10,23978.45,0
NIFTY,26000,15-06-2026 10:43:00,23981.70,23982.10,23977.40,23980.45,0
NIFTY,26000,15-06-2026 10:42:00,23978.65,23982.15,23976.40,23981.00,0
NIFTY,26000,15-06-2026 10:41:00,23976.90,23981.80,23975.25,23979.00,0
NIFTY,26000,15-06-2026 10:40:00,23974.70,23976.30,23969.65,23976.30,0
NIFTY,26000,15-06-2026 10:39:00,23976.60,23976.60,23969.15,23973.60,0
NIFTY,26000,15-06-2026 10:38:00,23972.15,23977.05,23970.10,23973.85,0
NIFTY,26000,15-06-2026 10:37:00,23971.30,23972.15,23967.15,23971.10,0
NIFTY,26000,15-06-2026 10:36:00,23970.60,23972.50,23966.85,23970.00,0
NIFTY,26000,15-06-2026 10:35:00,23973.05,23973.15,23969.25,23969.50,0
NIFTY,26000,15-06-2026 10:34:00,23973.50,23973.50,23967.40,23972.60,0
NIFTY,26000,15-06-2026 10:33:00,23966.25,23973.00,23964.30,23971.25,0
NIFTY,26000,15-06-2026 10:32:00,23972.55,23972.55,23961.95,23965.55,0
NIFTY,26000,15-06-2026 10:31:00,23970.65,23973.25,23966.15,23970.55,0
NIFTY,26000,15-06-2026 10:30:00,23964.90,23970.10,23962.55,23969.05,0
NIFTY,26000,15-06-2026 10:29:00,23959.25,23968.65,23956.45,23962.55,0
NIFTY,26000,15-06-2026 10:28:00,23954.25,23959.15,23950.30,23957.90,0
NIFTY,26000,15-06-2026 10:27:00,23952.90,23954.80,23950.60,23952.40,0
NIFTY,26000,15-06-2026 10:26:00,23949.05,23954.45,23946.30,23951.80,0
NIFTY,26000,15-06-2026 10:25:00,23950.70,23951.55,23943.85,23948.20,0
NIFTY,26000,15-06-2026 10:24:00,23950.10,23952.95,23948.05,23948.85,0
NIFTY,26000,15-06-2026 10:23:00,23954.10,23954.10,23947.85,23949.10,0
NIFTY,26000,15-06-2026 10:22:00,23950.35,23955.00,23948.25,23952.55,0
NIFTY,26000,15-06-2026 10:21:00,23941.75,23954.30,23939.75,23948.90,0
NIFTY,26000,15-06-2026 10:20:00,23943.15,23943.15,23935.60,23940.30,0
NIFTY,26000,15-06-2026 10:19:00,23941.40,23943.75,23938.85,23941.65,0
NIFTY,26000,15-06-2026 10:18:00,23940.85,23941.20,23936.55,23938.65,0
NIFTY,26000,15-06-2026 10:17:00,23942.35,23943.45,23936.55,23939.35,0
NIFTY,26000,15-06-2026 10:16:00,23944.35,23944.35,23938.00,23940.30,0
NIFTY,26000,15-06-2026 10:15:00,23946.00,23948.45,23940.65,23943.25,0
NIFTY,26000,15-06-2026 10:14:00,23940.00,23946.70,23938.40,23945.05,0
NIFTY,26000,15-06-2026 10:13:00,23937.80,23942.20,23933.55,23938.85,0
NIFTY,26000,15-06-2026 10:12:00,23946.40,23946.40,23935.60,23935.60,0
NIFTY,26000,15-06-2026 10:11:00,23951.20,23951.20,23944.15,23945.25,0
NIFTY,26000,15-06-2026 10:10:00,23947.25,23952.60,23944.85,23950.20,0
NIFTY,26000,15-06-2026 10:09:00,23946.10,23949.40,23944.75,23946.35,0
NIFTY,26000,15-06-2026 10:08:00,23945.75,23946.60,23940.65,23945.55,0
NIFTY,26000,15-06-2026 10:07:00,23952.70,23952.70,23941.85,23944.85,0
NIFTY,26000,15-06-2026 10:06:00,23958.10,23958.10,23947.60,23951.80,0
NIFTY,26000,15-06-2026 10:05:00,23959.00,23960.50,23955.95,23956.75,0
NIFTY,26000,15-06-2026 10:04:00,23960.15,23962.10,23955.40,23958.25,0
NIFTY,26000,15-06-2026 10:03:00,23963.75,23964.00,23951.95,23958.85,0
NIFTY,26000,15-06-2026 10:02:00,23968.20,23968.20,23960.90,23964.10,0
NIFTY,26000,15-06-2026 10:01:00,23959.10,23967.95,23954.65,23967.70,0
NIFTY,26000,15-06-2026 10:00:00,23946.90,23957.30,23945.90,23957.30,0
NIFTY,26000,15-06-2026 09:59:00,23944.30,23949.45,23939.75,23945.95,0
NIFTY,26000,15-06-2026 09:58:00,23954.25,23955.50,23940.10,23943.45,0
NIFTY,26000,15-06-2026 09:57:00,23955.10,23955.10,23947.50,23951.60,0
NIFTY,26000,15-06-2026 09:56:00,23955.50,23958.00,23950.25,23953.25,0
NIFTY,26000,15-06-2026 09:55:00,23959.15,23960.85,23953.10,23954.10,0
NIFTY,26000,15-06-2026 09:54:00,23962.95,23962.95,23955.25,23958.10,0
NIFTY,26000,15-06-2026 09:53:00,23965.60,23967.75,23957.95,23960.80,0
NIFTY,26000,15-06-2026 09:52:00,23966.05,23973.05,23962.90,23966.20,0
NIFTY,26000,15-06-2026 09:51:00,23967.10,23968.80,23963.95,23965.00,0
NIFTY,26000,15-06-2026 09:50:00,23971.35,23975.15,23966.05,23967.25,0
NIFTY,26000,15-06-2026 09:49:00,23977.45,23977.75,23967.95,23972.15,0
NIFTY,26000,15-06-2026 09:48:00,23974.35,23977.60,23968.25,23976.30,0
NIFTY,26000,15-06-2026 09:47:00,23974.75,23980.45,23971.50,23972.55,0
NIFTY,26000,15-06-2026 09:46:00,23971.40,23975.70,23968.45,23973.55,0
NIFTY,26000,15-06-2026 09:45:00,23966.55,23972.25,23963.25,23969.55,0
NIFTY,26000,15-06-2026 09:44:00,23961.75,23965.90,23954.80,23965.70,0
NIFTY,26000,15-06-2026 09:43:00,23953.80,23959.55,23949.90,23958.80,0
NIFTY,26000,15-06-2026 09:42:00,23952.70,23958.85,23948.85,23951.90,0
NIFTY,26000,15-06-2026 09:41:00,23949.45,23951.45,23943.75,23950.60,0
NIFTY,26000,15-06-2026 09:40:00,23938.85,23950.40,23938.60,23948.75,0
NIFTY,26000,15-06-2026 09:39:00,23939.50,23945.40,23935.85,23937.90,0
NIFTY,26000,15-06-2026 09:38:00,23939.20,23940.30,23931.85,23937.40,0
NIFTY,26000,15-06-2026 09:37:00,23949.50,23949.50,23935.65,23938.20,0
NIFTY,26000,15-06-2026 09:36:00,23939.30,23947.00,23935.80,23947.00,0
NIFTY,26000,15-06-2026 09:35:00,23948.65,23950.40,23934.15,23937.65,0
NIFTY,26000,15-06-2026 09:34:00,23939.95,23950.60,23939.45,23946.70,0
NIFTY,26000,15-06-2026 09:33:00,23934.10,23942.00,23930.65,23941.20,0
NIFTY,26000,15-06-2026 09:32:00,23946.90,23947.25,23927.35,23932.35,0
NIFTY,26000,15-06-2026 09:31:00,23948.45,23951.75,23943.85,23945.50,0
NIFTY,26000,15-06-2026 09:30:00,23947.05,23952.10,23943.00,23948.10,0
NIFTY,26000,15-06-2026 09:29:00,23947.60,23949.90,23940.35,23946.15,0
NIFTY,26000,15-06-2026 09:28:00,23940.30,23950.60,23939.55,23943.20,0
NIFTY,26000,15-06-2026 09:27:00,23949.35,23954.65,23938.45,23939.95,0
NIFTY,26000,15-06-2026 09:26:00,23949.35,23950.40,23941.30,23949.05,0
NIFTY,26000,15-06-2026 09:25:00,23960.05,23962.30,23943.25,23947.30,0
NIFTY,26000,15-06-2026 09:24:00,23960.70,23962.30,23951.55,23956.75,0
NIFTY,26000,15-06-2026 09:23:00,23959.15,23961.30,23952.80,23959.85,0
NIFTY,26000,15-06-2026 09:22:00,23951.10,23960.15,23947.20,23960.15,0
NIFTY,26000,15-06-2026 09:21:00,23951.05,23958.20,23944.80,23947.20,0
NIFTY,26000,15-06-2026 09:20:00,23948.15,23958.30,23943.90,23949.70,0
NIFTY,26000,15-06-2026 09:19:00,23960.70,23960.70,23934.10,23946.20,0
NIFTY,26000,15-06-2026 09:18:00,23963.20,23977.50,23958.50,23959.55,0
NIFTY,26000,15-06-2026 09:17:00,23963.70,23969.30,23958.40,23961.60,0
NIFTY,26000,15-06-2026 09:16:00,23963.80,23972.80,23949.35,23961.75,0
NIFTY,26000,15-06-2026 09:15:00,23987.60,24011.40,23943.45,23962.15,0
NIFTY,26000,15-06-2026 09:14:00,23984.85,23984.85,23984.85,23984.85,0
