trade_id,symbol,signal_time,entry_time,entry_price,stop_loss,quantity,exit_time,exit_price,gross_pnl,net_pnl,exit_reason,trade_status,strategy_name
c5644b42-3ae4-4e9d-bad8-8c9d26fefdca,NIFTY,2026-06-22 09:26:00,2026-06-22 09:27:00,24137.95,24129.55,1,2026-06-25 15:28:00,24129.55,-8.400000000001455,-48.400000000001455,TRAILING_SL_HIT,CLOSED,10_CANDLE_BREAKOUT
c0553793-4e18-4aa3-a778-153d03908132,NIFTY,2026-06-22 09:52:00,2026-06-22 09:53:00,24122.6,24118.25,1,2026-06-25 15:28:00,24118.25,-4.349999999998545,-44.349999999998545,TRAILING_SL_HIT,CLOSED,10_CANDLE_BREAKOUT
146db99a-b060-4af3-bbe6-23f2292e326e,NIFTY,2026-06-22 09:53:00,2026-06-22 09:54:00,24126.8,24120.3,1,2026-06-25 15:28:00,24120.3,-6.5,-46.5,TRAILING_SL_HIT,CLOSED,10_CANDLE_BREAKOUT
322a1062-0ebb-4a97-bbbe-670c1373149f,NIFTY,2026-06-22 09:54:00,2026-06-22 09:55:00,24127.6,24124.65,1,2026-06-25 15:28:00,24124.65,-2.9499999999970896,-42.94999999999709,TRAILING_SL_HIT,CLOSED,10_CANDLE_BREAKOUT
54dcdc79-8c69-47cc-931b-6b18f4bdb49f,NIFTY,2026-06-22 09:55:00,2026-06-22 09:56:00,24127.8,24124.8,1,2026-06-25 15:28:00,24124.8,-3.0,-43.0,TRAILING_SL_HIT,CLOSED,10_CANDLE_BREAKOUT
e66150f7-4fd5-40fd-90af-4b70edd108c5,NIFTY,2026-06-22 09:56:00,2026-06-22 09:57:00,24134.45,24127.55,1,2026-06-25 15:28:00,24127.55,-6.900000000001455,-46.900000000001455,TRAILING_SL_HIT,CLOSED,10_CANDLE_BREAKOUT
0c80b381-fe11-48b6-8d76-c91262b8cddd,NIFTY,2026-06-22 09:58:00,2026-06-22 09:59:00,24137.9,24132.7,1,2026-06-25 15:28:00,24132.7,-5.200000000000728,-45.20000000000073,TRAILING_SL_HIT,CLOSED,10_CANDLE_BREAKOUT
60fa8080-7e32-484c-8710-86d90c1b265c,NIFTY,2026-06-22 09:59:00,2026-06-22 10:00:00,24141.5,24135.55,1,2026-06-25 15:28:00,24135.55,-5.950000000000728,-45.95000000000073,TRAILING_SL_HIT,CLOSED,10_CANDLE_BREAKOUT
71f947b9-af7c-4cab-8967-1dc8db9992e7,NIFTY,2026-06-22 10:00:00,2026-06-22 10:01:00,24144.8,24141.5,1,2026-06-25 15:28:00,24141.5,-3.2999999999992724,-43.29999999999927,TRAILING_SL_HIT,CLOSED,10_CANDLE_BREAKOUT
7717bf74-9060-4b8c-938e-131dd790e421,NIFTY,2026-06-22 10:09:00,2026-06-22 10:10:00,24154.7,24143.2,1,2026-06-25 15:28:00,24143.2,-11.5,-51.5,TRAILING_SL_HIT,CLOSED,10_CANDLE_BREAKOUT
c0bf2b7d-354b-43be-9b74-1f2630077196,NIFTY,2026-06-22 10:10:00,2026-06-22 10:11:00,24157.3,24151.9,1,2026-06-25 15:28:00,24151.9,-5.399999999997817,-45.39999999999782,TRAILING_SL_HIT,CLOSED,10_CANDLE_BREAKOUT
e26860ab-22a6-4e04-957a-c97f153e58f1,NIFTY,2026-06-22 10:28:00,2026-06-22 10:29:00,24154.3,24149.7,1,2026-06-25 15:28:00,24149.7,-4.599999999998545,-44.599999999998545,TRAILING_SL_HIT,CLOSED,10_CANDLE_BREAKOUT
39b973b1-b506-4a73-9b14-e648735cc8c5,NIFTY,2026-06-22 10:30:00,2026-06-22 10:31:00,24156.9,24151.9,1,2026-06-25 15:28:00,24151.9,-5.0,-45.0,TRAILING_SL_HIT,CLOSED,10_CANDLE_BREAKOUT
2dcf4156-db15-46f1-94de-8d423574b468,NIFTY,2026-06-22 10:45:00,2026-06-22 10:46:00,24156.4,24149.95,1,2026-06-25 15:28:00,24149.95,-6.450000000000728,-46.45000000000073,TRAILING_SL_HIT,CLOSED,10_CANDLE_BREAKOUT
e3b82ba3-bdc8-42e7-ae62-1fdd4dc2fb22,NIFTY,2026-06-22 10:51:00,2026-06-22 10:52:00,24161.0,24152.8,1,2026-06-25 15:28:00,24152.8,-8.200000000000728,-48.20000000000073,TRAILING_SL_HIT,CLOSED,10_CANDLE_BREAKOUT
c92c21f5-54b6-42f5-85a0-b57298a81f64,NIFTY,2026-06-22 10:55:00,2026-06-22 10:56:00,24161.5,24154.0,1,2026-06-25 15:28:00,24154.0,-7.5,-47.5,TRAILING_SL_HIT,CLOSED,10_CANDLE_BREAKOUT
d5d09b94-6a2e-4486-a134-c086efc0b0cf,NIFTY,2026-06-22 10:56:00,2026-06-22 10:57:00,24164.05,24158.55,1,2026-06-25 15:28:00,24158.55,-5.5,-45.5,TRAILING_SL_HIT,CLOSED,10_CANDLE_BREAKOUT
3c15a93c-401a-4da8-9ca0-77ba9fcb94c7,NIFTY,2026-06-22 10:57:00,2026-06-22 10:58:00,24165.4,24163.65,1,2026-06-25 15:28:00,24163.65,-1.75,-41.75,TRAILING_SL_HIT,CLOSED,10_CANDLE_BREAKOUT
f1eba4ad-b2fd-407f-b8d8-7943dee31a26,NIFTY,2026-06-22 11:26:00,2026-06-22 11:27:00,24156.5,24153.45,1,2026-06-25 15:28:00,24153.45,-3.0499999999992724,-43.04999999999927,TRAILING_SL_HIT,CLOSED,10_CANDLE_BREAKOUT
7a63d1db-1c99-4f4d-8ff1-91a8c182b5e3,NIFTY,2026-06-22 11:27:00,2026-06-22 11:28:00,24159.9,24154.85,1,2026-06-25 15:28:00,24154.85,-5.05000000000291,-45.05000000000291,TRAILING_SL_HIT,CLOSED,10_CANDLE_BREAKOUT
7221197b-1eed-4b17-8cae-80c0f4af52e1,NIFTY,2026-06-22 11:28:00,2026-06-22 11:29:00,24159.1,24157.3,1,2026-06-25 15:28:00,24157.3,-1.7999999999992724,-41.79999999999927,TRAILING_SL_HIT,CLOSED,10_CANDLE_BREAKOUT
f40e5ea2-1916-4c36-b1b1-fcde5ff0e399,NIFTY,2026-06-22 11:29:00,2026-06-22 11:30:00,24161.3,24156.75,1,2026-06-25 15:28:00,24156.75,-4.549999999999272,-44.54999999999927,TRAILING_SL_HIT,CLOSED,10_CANDLE_BREAKOUT
14ddd6ab-dfef-45b8-8b1e-f8802e68ac9c,NIFTY,2026-06-22 11:30:00,2026-06-22 11:31:00,24162.95,24158.45,1,2026-06-25 15:28:00,24158.45,-4.5,-44.5,TRAILING_SL_HIT,CLOSED,10_CANDLE_BREAKOUT
00adc53e-4da4-4531-9f5b-fcc925bb77b6,NIFTY,2026-06-22 11:31:00,2026-06-22 11:32:00,24161.25,24160.15,1,2026-06-25 15:28:00,24160.15,-1.0999999999985448,-41.099999999998545,TRAILING_SL_HIT,CLOSED,10_CANDLE_BREAKOUT
1408483f-49e8-42dc-932f-f32de998ffdb,NIFTY,2026-06-22 11:32:00,2026-06-22 11:33:00,24161.5,24159.8,1,2026-06-25 15:28:00,24159.8,-1.7000000000007276,-41.70000000000073,TRAILING_SL_HIT,CLOSED,10_CANDLE_BREAKOUT
f7f1e9ed-6716-470e-8e53-40698eb2a42d,NIFTY,2026-06-22 11:33:00,2026-06-22 11:34:00,24162.05,24160.45,1,2026-06-25 15:28:00,24160.45,-1.5999999999985448,-41.599999999998545,TRAILING_SL_HIT,CLOSED,10_CANDLE_BREAKOUT
d513663f-cefb-49d3-af5b-51868cf45edd,NIFTY,2026-06-22 11:35:00,2026-06-22 11:36:00,24163.65,24160.55,1,2026-06-25 15:28:00,24160.55,-3.100000000002183,-43.10000000000218,TRAILING_SL_HIT,CLOSED,10_CANDLE_BREAKOUT
cfea0775-c5a9-416c-87cb-9f7d54239683,NIFTY,2026-06-22 12:21:00,2026-06-22 12:22:00,24124.05,24118.4,1,2026-06-25 15:28:00,24118.4,-5.649999999997817,-45.64999999999782,TRAILING_SL_HIT,CLOSED,10_CANDLE_BREAKOUT
8bdf7796-e6b5-410a-af24-04b70a7fa944,NIFTY,2026-06-22 12:22:00,2026-06-22 12:23:00,24126.45,24122.75,1,2026-06-25 15:28:00,24122.75,-3.700000000000728,-43.70000000000073,TRAILING_SL_HIT,CLOSED,10_CANDLE_BREAKOUT
754c974d-b92f-4cbc-a2ed-ea03c87ad384,NIFTY,2026-06-22 12:23:00,2026-06-22 12:24:00,24127.9,24124.45,1,2026-06-25 15:28:00,24124.45,-3.4500000000007276,-43.45000000000073,TRAILING_SL_HIT,CLOSED,10_CANDLE_BREAKOUT
82efa9c2-d4da-4e6f-8cb7-32ee81d69596,NIFTY,2026-06-22 12:50:00,2026-06-22 12:51:00,24125.9,24119.2,1,2026-06-25 15:28:00,24119.2,-6.700000000000728,-46.70000000000073,TRAILING_SL_HIT,CLOSED,10_CANDLE_BREAKOUT
d68ca333-a4a4-43e3-af88-1d7207dbfd81,NIFTY,2026-06-22 13:16:00,2026-06-22 13:17:00,24120.15,24116.15,1,2026-06-25 15:28:00,24116.15,-4.0,-44.0,TRAILING_SL_HIT,CLOSED,10_CANDLE_BREAKOUT
162f2a31-67cd-462f-9e79-7fb44c24717e,NIFTY,2026-06-22 13:17:00,2026-06-22 13:18:00,24126.1,24119.35,1,2026-06-25 15:28:00,24119.35,-6.75,-46.75,TRAILING_SL_HIT,CLOSED,10_CANDLE_BREAKOUT
e204e46d-ce1d-49ed-9125-56d931b2f62d,NIFTY,2026-06-22 13:31:00,2026-06-22 13:32:00,24121.9,24117.4,1,2026-06-25 15:28:00,24117.4,-4.5,-44.5,TRAILING_SL_HIT,CLOSED,10_CANDLE_BREAKOUT
5200c254-0c9a-401e-8288-56fba270f6c1,NIFTY,2026-06-22 13:36:00,2026-06-22 13:37:00,24124.1,24119.45,1,2026-06-25 15:28:00,24119.45,-4.649999999997817,-44.64999999999782,TRAILING_SL_HIT,CLOSED,10_CANDLE_BREAKOUT
77d2a013-6e9e-4726-9f17-2829e59aa2de,NIFTY,2026-06-22 13:51:00,2026-06-22 13:52:00,24122.9,24118.45,1,2026-06-25 15:28:00,24118.45,-4.450000000000728,-44.45000000000073,TRAILING_SL_HIT,CLOSED,10_CANDLE_BREAKOUT
0666851d-8b9a-413f-aaf5-0fb7a34a57d5,NIFTY,2026-06-22 13:54:00,2026-06-22 13:55:00,24125.3,24121.75,1,2026-06-25 15:28:00,24121.75,-3.5499999999992724,-43.54999999999927,TRAILING_SL_HIT,CLOSED,10_CANDLE_BREAKOUT
5e357f6f-f853-4f37-a962-dca66726ab9f,NIFTY,2026-06-22 13:55:00,2026-06-22 13:56:00,24128.95,24120.4,1,2026-06-25 15:28:00,24120.4,-8.549999999999272,-48.54999999999927,TRAILING_SL_HIT,CLOSED,10_CANDLE_BREAKOUT
a0683465-6854-4741-971c-25876ad9c273,NIFTY,2026-06-22 13:57:00,2026-06-22 13:58:00,24134.75,24128.35,1,2026-06-25 15:28:00,24128.35,-6.400000000001455,-46.400000000001455,TRAILING_SL_HIT,CLOSED,10_CANDLE_BREAKOUT
04e96fcf-ecb5-4303-b828-541643fb6a7c,NIFTY,2026-06-22 14:26:00,2026-06-22 14:27:00,24130.75,24124.5,1,2026-06-25 15:28:00,24124.5,-6.25,-46.25,TRAILING_SL_HIT,CLOSED,10_CANDLE_BREAKOUT
3c224d48-79ae-41e2-840f-b3200280766c,NIFTY,2026-06-22 14:27:00,2026-06-22 14:28:00,24132.75,24128.45,1,2026-06-25 15:28:00,24128.45,-4.299999999999272,-44.29999999999927,TRAILING_SL_HIT,CLOSED,10_CANDLE_BREAKOUT
c46c1560-fdeb-42bf-988a-e858a3286f23,NIFTY,2026-06-22 14:28:00,2026-06-22 14:29:00,24138.05,24132.3,1,2026-06-25 15:28:00,24132.3,-5.75,-45.75,TRAILING_SL_HIT,CLOSED,10_CANDLE_BREAKOUT
aa3adc61-f03d-4e0c-9d8c-7e8d2beebd08,NIFTY,2026-06-22 14:29:00,2026-06-22 14:30:00,24138.7,24133.95,1,2026-06-25 15:28:00,24133.95,-4.75,-44.75,TRAILING_SL_HIT,CLOSED,10_CANDLE_BREAKOUT
37aac238-434a-4b74-b1a7-7bc844a511b4,NIFTY,2026-06-22 14:38:00,2026-06-22 14:39:00,24141.2,24135.45,1,2026-06-25 15:28:00,24135.45,-5.75,-45.75,TRAILING_SL_HIT,CLOSED,10_CANDLE_BREAKOUT
28f8434e-9a04-44de-96bb-0a0f2a299952,NIFTY,2026-06-22 14:46:00,2026-06-22 14:47:00,24142.1,24137.0,1,2026-06-25 15:28:00,24137.0,-5.099999999998545,-45.099999999998545,TRAILING_SL_HIT,CLOSED,10_CANDLE_BREAKOUT
b3d36066-9378-4355-9a06-871bef9e47f2,NIFTY,2026-06-22 14:50:00,2026-06-22 14:51:00,24143.1,24139.3,1,2026-06-25 15:28:00,24139.3,-3.799999999999272,-43.79999999999927,TRAILING_SL_HIT,CLOSED,10_CANDLE_BREAKOUT
99b98127-f57a-43ad-a05e-6b58d852fddd,NIFTY,2026-06-23 09:30:00,2026-06-23 09:31:00,24097.65,24088.2,1,2026-06-25 15:28:00,24088.2,-9.450000000000728,-49.45000000000073,TRAILING_SL_HIT,CLOSED,10_CANDLE_BREAKOUT
99952e80-4a06-411e-9e0a-bfa63c60061b,NIFTY,2026-06-23 09:31:00,2026-06-23 09:32:00,24102.6,24094.6,1,2026-06-25 15:28:00,24094.6,-8.0,-48.0,TRAILING_SL_HIT,CLOSED,10_CANDLE_BREAKOUT
1c114b8e-0133-4747-92b2-6b8ced8f01dc,NIFTY,2026-06-23 09:35:00,2026-06-23 09:36:00,24109.75,24100.6,1,2026-06-25 15:28:00,24100.6,-9.150000000001455,-49.150000000001455,TRAILING_SL_HIT,CLOSED,10_CANDLE_BREAKOUT
ebc738f1-990f-4058-8979-b0e52275959d,NIFTY,2026-06-23 09:36:00,2026-06-23 09:37:00,24108.3,24106.85,1,2026-06-25 15:28:00,24106.85,-1.4500000000007276,-41.45000000000073,TRAILING_SL_HIT,CLOSED,10_CANDLE_BREAKOUT
7145e6d0-c4ba-4174-bc82-e7a32920b1c0,NIFTY,2026-06-23 09:37:00,2026-06-23 09:38:00,24116.45,24106.65,1,2026-06-25 15:28:00,24106.65,-9.799999999999272,-49.79999999999927,TRAILING_SL_HIT,CLOSED,10_CANDLE_BREAKOUT
772186bb-e1a8-46d6-ae7b-b9e7ee5f633f,NIFTY,2026-06-23 09:38:00,2026-06-23 09:39:00,24117.9,24114.4,1,2026-06-25 15:28:00,24114.4,-3.5,-43.5,TRAILING_SL_HIT,CLOSED,10_CANDLE_BREAKOUT
4e3e8658-0f41-4719-b63d-d25b6bfe3dd2,NIFTY,2026-06-23 09:39:00,2026-06-23 09:40:00,24126.4,24114.7,1,2026-06-25 15:28:00,24114.7,-11.700000000000728,-51.70000000000073,TRAILING_SL_HIT,CLOSED,10_CANDLE_BREAKOUT
29832b7c-5169-4715-8396-e0da46966ac0,NIFTY,2026-06-23 09:50:00,2026-06-23 09:51:00,24126.2,24118.3,1,2026-06-25 15:28:00,24118.3,-7.900000000001455,-47.900000000001455,TRAILING_SL_HIT,CLOSED,10_CANDLE_BREAKOUT
56e4960d-e1f4-4cfd-bd26-0d8a85811dc4,NIFTY,2026-06-23 09:54:00,2026-06-23 09:55:00,24126.3,24118.7,1,2026-06-25 15:28:00,24118.7,-7.599999999998545,-47.599999999998545,TRAILING_SL_HIT,CLOSED,10_CANDLE_BREAKOUT
d2439db9-f828-46bb-b508-8c5f3a760ee2,NIFTY,2026-06-23 09:55:00,2026-06-23 09:56:00,24128.2,24122.45,1,2026-06-25 15:28:00,24122.45,-5.75,-45.75,TRAILING_SL_HIT,CLOSED,10_CANDLE_BREAKOUT
a9ae6acb-f0f5-405f-b04d-f69915e591d3,NIFTY,2026-06-23 09:56:00,2026-06-23 09:57:00,24130.0,24121.75,1,2026-06-25 15:28:00,24121.75,-8.25,-48.25,TRAILING_SL_HIT,CLOSED,10_CANDLE_BREAKOUT
7cb3ab7d-c36d-4b25-a058-608f8a75295b,NIFTY,2026-06-23 09:57:00,2026-06-23 09:58:00,24131.6,24125.75,1,2026-06-25 15:28:00,24125.75,-5.849999999998545,-45.849999999998545,TRAILING_SL_HIT,CLOSED,10_CANDLE_BREAKOUT
d60c1a93-faf9-4dc0-ad08-858413cb3cdb,NIFTY,2026-06-23 09:59:00,2026-06-23 10:00:00,24131.25,24126.95,1,2026-06-25 15:28:00,24126.95,-4.299999999999272,-44.29999999999927,TRAILING_SL_HIT,CLOSED,10_CANDLE_BREAKOUT
2f812241-abdf-48eb-b0e3-c42067102a0a,NIFTY,2026-06-23 10:21:00,2026-06-23 10:22:00,24128.35,24123.2,1,2026-06-25 15:28:00,24123.2,-5.149999999997817,-45.14999999999782,TRAILING_SL_HIT,CLOSED,10_CANDLE_BREAKOUT
2ebeef61-2573-45ad-8a86-eea2b8236b7b,NIFTY,2026-06-23 10:35:00,2026-06-23 10:36:00,24118.05,24109.9,1,2026-06-25 15:28:00,24109.9,-8.149999999997817,-48.14999999999782,TRAILING_SL_HIT,CLOSED,10_CANDLE_BREAKOUT
a125363b-8f3d-489a-9fe4-173e7829c863,NIFTY,2026-06-23 11:05:00,2026-06-23 11:06:00,24099.65,24095.9,1,2026-06-25 15:28:00,24095.9,-3.75,-43.75,TRAILING_SL_HIT,CLOSED,10_CANDLE_BREAKOUT
aa3504f1-3580-4892-a051-4f6a5f123dbd,NIFTY,2026-06-23 11:06:00,2026-06-23 11:07:00,24102.85,24097.7,1,2026-06-25 15:28:00,24097.7,-5.149999999997817,-45.14999999999782,TRAILING_SL_HIT,CLOSED,10_CANDLE_BREAKOUT
e550fa11-14b2-48ee-8083-51461bbd95db,NIFTY,2026-06-23 11:07:00,2026-06-23 11:08:00,24106.2,24102.55,1,2026-06-25 15:28:00,24102.55,-3.650000000001455,-43.650000000001455,TRAILING_SL_HIT,CLOSED,10_CANDLE_BREAKOUT
b7940277-301e-470c-aecf-a2db25f751f3,NIFTY,2026-06-23 11:11:00,2026-06-23 11:12:00,24108.35,24104.15,1,2026-06-25 15:28:00,24104.15,-4.19999999999709,-44.19999999999709,TRAILING_SL_HIT,CLOSED,10_CANDLE_BREAKOUT
58ca3c9f-d22e-4a46-9ef6-2f219101a651,NIFTY,2026-06-23 11:12:00,2026-06-23 11:13:00,24111.1,24106.25,1,2026-06-25 15:28:00,24106.25,-4.849999999998545,-44.849999999998545,TRAILING_SL_HIT,CLOSED,10_CANDLE_BREAKOUT
1adecdcf-bf4b-4f34-a21c-4f001675f194,NIFTY,2026-06-23 11:13:00,2026-06-23 11:14:00,24112.55,24109.15,1,2026-06-25 15:28:00,24109.15,-3.399999999997817,-43.39999999999782,TRAILING_SL_HIT,CLOSED,10_CANDLE_BREAKOUT
c5311785-5811-4c97-b9b2-d1b5023800d6,NIFTY,2026-06-23 11:14:00,2026-06-23 11:15:00,24112.95,24109.75,1,2026-06-25 15:28:00,24109.75,-3.2000000000007276,-43.20000000000073,TRAILING_SL_HIT,CLOSED,10_CANDLE_BREAKOUT
21458e32-6f52-480e-89e5-d1449a51b3fa,NIFTY,2026-06-23 11:15:00,2026-06-23 11:16:00,24116.45,24112.45,1,2026-06-25 15:28:00,24112.45,-4.0,-44.0,TRAILING_SL_HIT,CLOSED,10_CANDLE_BREAKOUT
e17e8e5f-2229-4e31-ae27-479308ff5806,NIFTY,2026-06-23 11:16:00,2026-06-23 11:17:00,24121.05,24115.55,1,2026-06-25 15:28:00,24115.55,-5.5,-45.5,TRAILING_SL_HIT,CLOSED,10_CANDLE_BREAKOUT
f3a38299-1f81-46d0-9b96-b34e6ac6f077,NIFTY,2026-06-23 11:17:00,2026-06-23 11:18:00,24123.15,24120.05,1,2026-06-25 15:28:00,24120.05,-3.100000000002183,-43.10000000000218,TRAILING_SL_HIT,CLOSED,10_CANDLE_BREAKOUT
93aed353-3733-41a6-8999-92926357a9a5,NIFTY,2026-06-23 11:18:00,2026-06-23 11:19:00,24126.0,24122.7,1,2026-06-25 15:28:00,24122.7,-3.2999999999992724,-43.29999999999927,TRAILING_SL_HIT,CLOSED,10_CANDLE_BREAKOUT
4dadbeca-faec-41e9-95aa-2e09bc02ea20,NIFTY,2026-06-23 11:20:00,2026-06-23 11:21:00,24127.05,24125.0,1,2026-06-25 15:28:00,24125.0,-2.0499999999992724,-42.04999999999927,TRAILING_SL_HIT,CLOSED,10_CANDLE_BREAKOUT
e0cc9171-4f31-4e9d-bcc2-88cf9d85b7b3,NIFTY,2026-06-23 12:38:00,2026-06-23 12:39:00,23954.6,24048.65,1,2026-06-25 15:28:00,24048.65,94.05000000000292,54.05000000000291,TRAILING_SL_HIT,CLOSED,10_CANDLE_BREAKOUT
61711ce2-1fb5-43ee-a5af-49363cd781bc,NIFTY,2026-06-23 12:39:00,2026-06-23 12:40:00,23954.25,24048.65,1,2026-06-25 15:28:00,24048.65,94.40000000000146,54.400000000001455,TRAILING_SL_HIT,CLOSED,10_CANDLE_BREAKOUT
b3bc37e1-5376-47e9-ae27-0e848c196b20,NIFTY,2026-06-23 12:41:00,2026-06-23 12:42:00,23956.25,24048.65,1,2026-06-25 15:28:00,24048.65,92.40000000000146,52.400000000001455,TRAILING_SL_HIT,CLOSED,10_CANDLE_BREAKOUT
a091515b-dbb6-4254-9ca0-657ef613a249,NIFTY,2026-06-23 12:42:00,2026-06-23 12:43:00,23956.05,24048.65,1,2026-06-25 15:28:00,24048.65,92.60000000000218,52.60000000000218,TRAILING_SL_HIT,CLOSED,10_CANDLE_BREAKOUT
b557cf1e-9f30-46ca-aec0-0598fab01a04,NIFTY,2026-06-23 13:05:00,2026-06-23 13:06:00,23933.95,24048.65,1,2026-06-25 15:28:00,24048.65,114.70000000000071,74.70000000000073,TRAILING_SL_HIT,CLOSED,10_CANDLE_BREAKOUT
639a4459-0b64-44f9-bfab-564ad05f5e9a,NIFTY,2026-06-23 13:09:00,2026-06-23 13:10:00,23936.15,24048.65,1,2026-06-25 15:28:00,24048.65,112.5,72.5,TRAILING_SL_HIT,CLOSED,10_CANDLE_BREAKOUT
cb333ced-e000-4825-9586-512c684392fb,NIFTY,2026-06-23 13:40:00,2026-06-23 13:41:00,23886.7,24048.65,1,2026-06-25 15:28:00,24048.65,161.95000000000073,121.95000000000071,TRAILING_SL_HIT,CLOSED,10_CANDLE_BREAKOUT
a1512349-4f23-428b-bbec-c3aeb2a08fb2,NIFTY,2026-06-23 13:43:00,2026-06-23 13:44:00,23893.5,24048.65,1,2026-06-25 15:28:00,24048.65,155.15000000000146,115.15000000000146,TRAILING_SL_HIT,CLOSED,10_CANDLE_BREAKOUT
e7fa7889-5c32-47f4-b042-27bf32439f3b,NIFTY,2026-06-23 13:44:00,2026-06-23 13:45:00,23893.85,24048.65,1,2026-06-25 15:28:00,24048.65,154.8000000000029,114.80000000000292,TRAILING_SL_HIT,CLOSED,10_CANDLE_BREAKOUT
d20603bc-0e85-4042-8794-ab024ea66263,NIFTY,2026-06-23 14:03:00,2026-06-23 14:04:00,23883.3,24048.65,1,2026-06-25 15:28:00,24048.65,165.35000000000218,125.35000000000218,TRAILING_SL_HIT,CLOSED,10_CANDLE_BREAKOUT
6384a398-d903-400f-805d-1b54c6b1709a,NIFTY,2026-06-23 14:04:00,2026-06-23 14:05:00,23894.9,24048.65,1,2026-06-25 15:28:00,24048.65,153.75,113.75,TRAILING_SL_HIT,CLOSED,10_CANDLE_BREAKOUT
9c11e2f6-eb1b-46bb-855a-5b7c5ea3c8ac,NIFTY,2026-06-23 14:05:00,2026-06-23 14:06:00,23898.45,24048.65,1,2026-06-25 15:28:00,24048.65,150.20000000000073,110.20000000000071,TRAILING_SL_HIT,CLOSED,10_CANDLE_BREAKOUT
00f6641b-f72f-48c7-a6e7-035b585f5796,NIFTY,2026-06-23 14:11:00,2026-06-23 14:12:00,23906.9,24048.65,1,2026-06-25 15:28:00,24048.65,141.75,101.75,TRAILING_SL_HIT,CLOSED,10_CANDLE_BREAKOUT
6589745b-f04d-4bbb-a0dd-a9cce79517f4,NIFTY,2026-06-23 14:12:00,2026-06-23 14:13:00,23916.95,24048.65,1,2026-06-25 15:28:00,24048.65,131.70000000000073,91.70000000000071,TRAILING_SL_HIT,CLOSED,10_CANDLE_BREAKOUT
a6cfe370-d855-4f64-a9d8-c0df7dd5ff04,NIFTY,2026-06-23 14:17:00,2026-06-23 14:18:00,23919.15,24048.65,1,2026-06-25 15:28:00,24048.65,129.5,89.5,TRAILING_SL_HIT,CLOSED,10_CANDLE_BREAKOUT
b2301508-7efa-40ac-b8bf-a6b53566989d,NIFTY,2026-06-23 14:30:00,2026-06-23 14:31:00,23917.85,24048.65,1,2026-06-25 15:28:00,24048.65,130.8000000000029,90.80000000000292,TRAILING_SL_HIT,CLOSED,10_CANDLE_BREAKOUT
042694a5-e203-4d8f-899b-505c1790a8db,NIFTY,2026-06-23 14:41:00,2026-06-23 14:42:00,23919.2,24048.65,1,2026-06-25 15:28:00,24048.65,129.45000000000073,89.45000000000073,TRAILING_SL_HIT,CLOSED,10_CANDLE_BREAKOUT
01fca40b-a353-4d69-a21c-8386e5e847a7,NIFTY,2026-06-23 14:42:00,2026-06-23 14:43:00,23929.8,24048.65,1,2026-06-25 15:28:00,24048.65,118.85000000000218,78.85000000000218,TRAILING_SL_HIT,CLOSED,10_CANDLE_BREAKOUT
eac8731e-1f49-43db-80ae-a9dda84aa74b,NIFTY,2026-06-23 14:43:00,2026-06-23 14:44:00,23932.2,24048.65,1,2026-06-25 15:28:00,24048.65,116.45000000000071,76.45000000000073,TRAILING_SL_HIT,CLOSED,10_CANDLE_BREAKOUT
ed987eac-25b9-4a93-96d4-5cffdd1fbe1b,NIFTY,2026-06-23 14:45:00,2026-06-23 14:46:00,23934.05,24048.65,1,2026-06-25 15:28:00,24048.65,114.60000000000218,74.60000000000218,TRAILING_SL_HIT,CLOSED,10_CANDLE_BREAKOUT
57229fbd-e6fa-4b34-8bb5-df56913ff862,NIFTY,2026-06-23 14:56:00,2026-06-23 14:57:00,23925.35,24048.65,1,2026-06-25 15:28:00,24048.65,123.30000000000292,83.30000000000291,TRAILING_SL_HIT,CLOSED,10_CANDLE_BREAKOUT
f5b777e6-8093-4293-b070-7ea09a9dd0ae,NIFTY,2026-06-23 14:57:00,2026-06-23 14:58:00,23927.95,24048.65,1,2026-06-25 15:28:00,24048.65,120.70000000000071,80.70000000000073,TRAILING_SL_HIT,CLOSED,10_CANDLE_BREAKOUT
8bd3eed5-6fa1-4731-9994-979fb3321119,NIFTY,2026-06-24 09:25:00,2026-06-24 09:26:00,23869.45,24048.65,1,2026-06-25 15:28:00,24048.65,179.20000000000073,139.20000000000073,TRAILING_SL_HIT,CLOSED,10_CANDLE_BREAKOUT
5e8f77bb-3e56-4d92-b6e5-0ee954c0ea7e,NIFTY,2026-06-24 09:26:00,2026-06-24 09:27:00,23881.15,24048.65,1,2026-06-25 15:28:00,24048.65,167.5,127.5,TRAILING_SL_HIT,CLOSED,10_CANDLE_BREAKOUT
724075aa-c56f-47cc-900a-da296b39416a,NIFTY,2026-06-24 09:31:00,2026-06-24 09:32:00,23884.8,24048.65,1,2026-06-25 15:28:00,24048.65,163.85000000000218,123.85000000000218,TRAILING_SL_HIT,CLOSED,10_CANDLE_BREAKOUT
fdfde052-caa4-46a4-b082-8f26f570aa68,NIFTY,2026-06-24 09:32:00,2026-06-24 09:33:00,23886.55,24048.65,1,2026-06-25 15:28:00,24048.65,162.10000000000218,122.10000000000218,TRAILING_SL_HIT,CLOSED,10_CANDLE_BREAKOUT
38874dd5-4c2f-4b69-93b9-6289a5f78d2c,NIFTY,2026-06-24 09:40:00,2026-06-24 09:41:00,23892.75,24048.65,1,2026-06-25 15:28:00,24048.65,155.90000000000146,115.90000000000146,TRAILING_SL_HIT,CLOSED,10_CANDLE_BREAKOUT
8b53c69c-3084-4968-a7b1-0bd666b94164,NIFTY,2026-06-24 10:00:00,2026-06-24 10:01:00,23865.15,24048.65,1,2026-06-25 15:28:00,24048.65,183.5,143.5,TRAILING_SL_HIT,CLOSED,10_CANDLE_BREAKOUT
2d766dd6-b088-4e42-ba75-bcfa8e6ab4f6,NIFTY,2026-06-24 10:01:00,2026-06-24 10:02:00,23870.35,24048.65,1,2026-06-25 15:28:00,24048.65,178.3000000000029,138.3000000000029,TRAILING_SL_HIT,CLOSED,10_CANDLE_BREAKOUT
13a660fe-df54-4f55-975f-d1f0b7761500,NIFTY,2026-06-24 10:02:00,2026-06-24 10:03:00,23890.8,24048.65,1,2026-06-25 15:28:00,24048.65,157.85000000000218,117.85000000000218,TRAILING_SL_HIT,CLOSED,10_CANDLE_BREAKOUT
c06f7a8e-579f-4c4f-b6e6-80ffdf520516,NIFTY,2026-06-24 10:03:00,2026-06-24 10:04:00,23897.8,24048.65,1,2026-06-25 15:28:00,24048.65,150.85000000000218,110.85000000000218,TRAILING_SL_HIT,CLOSED,10_CANDLE_BREAKOUT
0e6b544e-3060-47af-afca-bee49e3214c8,NIFTY,2026-06-24 10:08:00,2026-06-24 10:09:00,23899.75,24048.65,1,2026-06-25 15:28:00,24048.65,148.90000000000146,108.90000000000146,TRAILING_SL_HIT,CLOSED,10_CANDLE_BREAKOUT
247d79fe-9456-4f2d-9169-5a0645985f39,NIFTY,2026-06-24 10:09:00,2026-06-24 10:10:00,23909.95,24048.65,1,2026-06-25 15:28:00,24048.65,138.70000000000073,98.70000000000071,TRAILING_SL_HIT,CLOSED,10_CANDLE_BREAKOUT
deb5bc47-75e4-40d2-9a57-077aa91df365,NIFTY,2026-06-24 10:10:00,2026-06-24 10:11:00,23910.7,24048.65,1,2026-06-25 15:28:00,24048.65,137.95000000000073,97.95000000000071,TRAILING_SL_HIT,CLOSED,10_CANDLE_BREAKOUT
b38af075-7744-4bc2-a758-da02a3c6418a,NIFTY,2026-06-24 10:12:00,2026-06-24 10:13:00,23915.05,24048.65,1,2026-06-25 15:28:00,24048.65,133.60000000000218,93.60000000000218,TRAILING_SL_HIT,CLOSED,10_CANDLE_BREAKOUT
536e8907-0976-4c85-abf8-a98a4e179011,NIFTY,2026-06-24 10:13:00,2026-06-24 10:14:00,23916.1,24048.65,1,2026-06-25 15:28:00,24048.65,132.5500000000029,92.55000000000292,TRAILING_SL_HIT,CLOSED,10_CANDLE_BREAKOUT
68fb1181-d0bb-4426-a969-550c631016b6,NIFTY,2026-06-24 10:14:00,2026-06-24 10:15:00,23917.75,24048.65,1,2026-06-25 15:28:00,24048.65,130.90000000000146,90.90000000000146,TRAILING_SL_HIT,CLOSED,10_CANDLE_BREAKOUT
a56bb8b6-aa0c-4e0c-bb8e-7a661e634260,NIFTY,2026-06-24 10:16:00,2026-06-24 10:17:00,23921.1,24048.65,1,2026-06-25 15:28:00,24048.65,127.55000000000292,87.55000000000291,TRAILING_SL_HIT,CLOSED,10_CANDLE_BREAKOUT
dfea1e5d-913e-4d80-8028-82f35b8655f3,NIFTY,2026-06-24 10:17:00,2026-06-24 10:18:00,23928.9,24048.65,1,2026-06-25 15:28:00,24048.65,119.75,79.75,TRAILING_SL_HIT,CLOSED,10_CANDLE_BREAKOUT
c5f462cc-2d70-46f8-8e06-0643d4c9d24d,NIFTY,2026-06-24 10:18:00,2026-06-24 10:19:00,23928.9,24048.65,1,2026-06-25 15:28:00,24048.65,119.75,79.75,TRAILING_SL_HIT,CLOSED,10_CANDLE_BREAKOUT
daba8b27-4716-4237-b9d7-7acf17f134e8,NIFTY,2026-06-24 10:22:00,2026-06-24 10:23:00,23931.8,24048.65,1,2026-06-25 15:28:00,24048.65,116.85000000000218,76.85000000000218,TRAILING_SL_HIT,CLOSED,10_CANDLE_BREAKOUT
94e1bad7-6049-4d36-8918-ad768cae43b0,NIFTY,2026-06-24 10:23:00,2026-06-24 10:24:00,23939.05,24048.65,1,2026-06-25 15:28:00,24048.65,109.60000000000218,69.60000000000218,TRAILING_SL_HIT,CLOSED,10_CANDLE_BREAKOUT
393835bf-dc3b-48ca-9c71-f9f6b7ca703a,NIFTY,2026-06-24 10:24:00,2026-06-24 10:25:00,23945.5,24048.65,1,2026-06-25 15:28:00,24048.65,103.15000000000146,63.150000000001455,TRAILING_SL_HIT,CLOSED,10_CANDLE_BREAKOUT
d4f61532-b883-4d28-9962-c76bbcf5bb50,NIFTY,2026-06-24 10:26:00,2026-06-24 10:27:00,23953.75,24048.65,1,2026-06-25 15:28:00,24048.65,94.90000000000146,54.900000000001455,TRAILING_SL_HIT,CLOSED,10_CANDLE_BREAKOUT
5a54ecad-64c3-47a7-bfad-53f17439756a,NIFTY,2026-06-24 10:27:00,2026-06-24 10:28:00,23969.7,24048.65,1,2026-06-25 15:28:00,24048.65,78.95000000000073,38.95000000000073,TRAILING_SL_HIT,CLOSED,10_CANDLE_BREAKOUT
8ba19dbc-afa2-463e-94f6-e509552b3245,NIFTY,2026-06-24 10:40:00,2026-06-24 10:41:00,23955.25,24048.65,1,2026-06-25 15:28:00,24048.65,93.40000000000146,53.400000000001455,TRAILING_SL_HIT,CLOSED,10_CANDLE_BREAKOUT
5a2e01df-c9c9-4623-925e-3854a9837c7c,NIFTY,2026-06-24 10:47:00,2026-06-24 10:48:00,23956.0,24048.65,1,2026-06-25 15:28:00,24048.65,92.65000000000146,52.650000000001455,TRAILING_SL_HIT,CLOSED,10_CANDLE_BREAKOUT
40043c46-75f1-4aee-a2b1-659d12f0d707,NIFTY,2026-06-24 10:58:00,2026-06-24 10:59:00,23958.2,24048.65,1,2026-06-25 15:28:00,24048.65,90.45000000000071,50.45000000000073,TRAILING_SL_HIT,CLOSED,10_CANDLE_BREAKOUT
0398356b-fa40-426f-af94-7583bdaef140,NIFTY,2026-06-24 11:00:00,2026-06-24 11:01:00,23963.05,24048.65,1,2026-06-25 15:28:00,24048.65,85.60000000000218,45.60000000000218,TRAILING_SL_HIT,CLOSED,10_CANDLE_BREAKOUT
f492b850-4b76-4bb7-942d-87a255698390,NIFTY,2026-06-24 11:01:00,2026-06-24 11:02:00,23966.6,24048.65,1,2026-06-25 15:28:00,24048.65,82.05000000000291,42.05000000000291,TRAILING_SL_HIT,CLOSED,10_CANDLE_BREAKOUT
0d7f6b96-3e02-41dd-b044-0d02d1315ca3,NIFTY,2026-06-24 11:02:00,2026-06-24 11:03:00,23969.9,24048.65,1,2026-06-25 15:28:00,24048.65,78.75,38.75,TRAILING_SL_HIT,CLOSED,10_CANDLE_BREAKOUT
6b5107c7-bc8d-40dc-9eb3-edcc1db0cd52,NIFTY,2026-06-24 11:06:00,2026-06-24 11:07:00,23973.4,24048.65,1,2026-06-25 15:28:00,24048.65,75.25,35.25,TRAILING_SL_HIT,CLOSED,10_CANDLE_BREAKOUT
61222a8d-3928-407d-93c7-c6de62f2b621,NIFTY,2026-06-24 11:07:00,2026-06-24 11:08:00,23975.55,24048.65,1,2026-06-25 15:28:00,24048.65,73.10000000000218,33.10000000000218,TRAILING_SL_HIT,CLOSED,10_CANDLE_BREAKOUT
9a045bc0-0bc6-4141-9b3c-2545597d4341,NIFTY,2026-06-24 11:08:00,2026-06-24 11:09:00,23979.5,24048.65,1,2026-06-25 15:28:00,24048.65,69.15000000000146,29.150000000001455,TRAILING_SL_HIT,CLOSED,10_CANDLE_BREAKOUT
7fe4be15-728e-4054-9658-86448bf85695,NIFTY,2026-06-24 11:09:00,2026-06-24 11:10:00,23987.2,24048.65,1,2026-06-25 15:28:00,24048.65,61.45000000000073,21.450000000000728,TRAILING_SL_HIT,CLOSED,10_CANDLE_BREAKOUT
7e9dd092-6572-45f9-921e-c228e75dab1c,NIFTY,2026-06-24 11:38:00,2026-06-24 11:39:00,23984.55,24048.65,1,2026-06-25 15:28:00,24048.65,64.10000000000218,24.100000000002183,TRAILING_SL_HIT,CLOSED,10_CANDLE_BREAKOUT
e9939a13-92c6-45c6-ad0e-601eb64411a4,NIFTY,2026-06-24 11:40:00,2026-06-24 11:41:00,23992.75,24048.65,1,2026-06-25 15:28:00,24048.65,55.900000000001455,15.900000000001455,TRAILING_SL_HIT,CLOSED,10_CANDLE_BREAKOUT
aa47382d-3723-4bc8-8830-8764007ed80e,NIFTY,2026-06-24 11:43:00,2026-06-24 11:44:00,23996.9,24048.65,1,2026-06-25 15:28:00,24048.65,51.75,11.75,TRAILING_SL_HIT,CLOSED,10_CANDLE_BREAKOUT
dd810b8e-6f4f-4415-8593-fa5b2eb670eb,NIFTY,2026-06-24 11:44:00,2026-06-24 11:45:00,24006.45,24048.65,1,2026-06-25 15:28:00,24048.65,42.20000000000073,2.2000000000007276,TRAILING_SL_HIT,CLOSED,10_CANDLE_BREAKOUT
95d3a0eb-4111-4fd7-8d21-cc7032cf393d,NIFTY,2026-06-24 11:45:00,2026-06-24 11:46:00,24007.1,24048.65,1,2026-06-25 15:28:00,24048.65,41.55000000000291,1.5500000000029104,TRAILING_SL_HIT,CLOSED,10_CANDLE_BREAKOUT
632763f3-df00-4e6e-8ad4-9505d9d4588e,NIFTY,2026-06-24 11:51:00,2026-06-24 11:52:00,24007.85,24048.65,1,2026-06-25 15:28:00,24048.65,40.80000000000291,0.8000000000029104,TRAILING_SL_HIT,CLOSED,10_CANDLE_BREAKOUT
81f04cbc-6c6f-4f62-b46d-38826df2be75,NIFTY,2026-06-24 12:19:00,2026-06-24 12:20:00,23997.6,24048.65,1,2026-06-25 15:28:00,24048.65,51.05000000000291,11.05000000000291,TRAILING_SL_HIT,CLOSED,10_CANDLE_BREAKOUT
3bc1b778-4cdb-49e5-a8f8-fda76b1f019c,NIFTY,2026-06-24 12:21:00,2026-06-24 12:22:00,23998.8,24048.65,1,2026-06-25 15:28:00,24048.65,49.85000000000218,9.850000000002185,TRAILING_SL_HIT,CLOSED,10_CANDLE_BREAKOUT
984e3fe4-4788-426e-94ec-92371a0b9a78,NIFTY,2026-06-24 12:23:00,2026-06-24 12:24:00,24003.15,24048.65,1,2026-06-25 15:28:00,24048.65,45.5,5.5,TRAILING_SL_HIT,CLOSED,10_CANDLE_BREAKOUT
324133f1-148c-498e-9f3f-3c2897b77e05,NIFTY,2026-06-24 12:24:00,2026-06-24 12:25:00,24005.8,24048.65,1,2026-06-25 15:28:00,24048.65,42.85000000000218,2.850000000002183,TRAILING_SL_HIT,CLOSED,10_CANDLE_BREAKOUT
4be28900-16bd-4b46-9bab-d513bed3b563,NIFTY,2026-06-24 12:41:00,2026-06-24 12:42:00,23980.7,24048.65,1,2026-06-25 15:28:00,24048.65,67.95000000000073,27.950000000000728,TRAILING_SL_HIT,CLOSED,10_CANDLE_BREAKOUT
b21a8869-1f82-40fd-9c48-6bf64b11d0cc,NIFTY,2026-06-24 12:43:00,2026-06-24 12:44:00,23982.85,24048.65,1,2026-06-25 15:28:00,24048.65,65.80000000000291,25.80000000000291,TRAILING_SL_HIT,CLOSED,10_CANDLE_BREAKOUT
d853327a-cd96-4639-9e25-912aaf342609,NIFTY,2026-06-24 12:44:00,2026-06-24 12:45:00,23992.85,24048.65,1,2026-06-25 15:28:00,24048.65,55.80000000000291,15.80000000000291,TRAILING_SL_HIT,CLOSED,10_CANDLE_BREAKOUT
53f2cc24-38f5-4abd-a9d0-f3168ac6fbb6,NIFTY,2026-06-24 12:52:00,2026-06-24 12:53:00,23994.6,24048.65,1,2026-06-25 15:28:00,24048.65,54.05000000000291,14.05000000000291,TRAILING_SL_HIT,CLOSED,10_CANDLE_BREAKOUT
286de396-c537-4740-a44e-4cb240123ae4,NIFTY,2026-06-24 12:53:00,2026-06-24 12:54:00,23998.5,24048.65,1,2026-06-25 15:28:00,24048.65,50.150000000001455,10.150000000001455,TRAILING_SL_HIT,CLOSED,10_CANDLE_BREAKOUT
9c8e5d6a-0444-4906-addf-950d483a517f,NIFTY,2026-06-24 12:56:00,2026-06-24 12:57:00,24000.75,24048.65,1,2026-06-25 15:28:00,24048.65,47.900000000001455,7.900000000001455,TRAILING_SL_HIT,CLOSED,10_CANDLE_BREAKOUT
d6b9d084-f521-4319-8d5e-97ca0d54366b,NIFTY,2026-06-24 12:57:00,2026-06-24 12:58:00,24004.15,24048.65,1,2026-06-25 15:28:00,24048.65,44.5,4.5,TRAILING_SL_HIT,CLOSED,10_CANDLE_BREAKOUT
37802919-330a-470f-9a2f-d24b0e54cd85,NIFTY,2026-06-24 12:58:00,2026-06-24 12:59:00,24007.9,24048.65,1,2026-06-25 15:28:00,24048.65,40.75,0.75,TRAILING_SL_HIT,CLOSED,10_CANDLE_BREAKOUT
5eab8cd3-3d0a-4a53-9bf3-0d1fcf4c0d9b,NIFTY,2026-06-24 13:08:00,2026-06-24 13:09:00,24011.45,24048.65,1,2026-06-25 15:28:00,24048.65,37.20000000000073,-2.7999999999992724,TRAILING_SL_HIT,CLOSED,10_CANDLE_BREAKOUT
cf79588a-16ae-451d-babf-d6d211ac2b5a,NIFTY,2026-06-24 13:09:00,2026-06-24 13:10:00,24020.1,24048.65,1,2026-06-25 15:28:00,24048.65,28.55000000000291,-11.44999999999709,TRAILING_SL_HIT,CLOSED,10_CANDLE_BREAKOUT
400b3f44-662e-4e1e-ae03-69e0eda64a60,NIFTY,2026-06-24 13:12:00,2026-06-24 13:13:00,24022.55,24048.65,1,2026-06-25 15:28:00,24048.65,26.100000000002183,-13.899999999997815,TRAILING_SL_HIT,CLOSED,10_CANDLE_BREAKOUT
5856b61a-d9b8-408a-bcc7-fa151ee4b500,NIFTY,2026-06-24 13:13:00,2026-06-24 13:14:00,24025.25,24048.65,1,2026-06-25 15:28:00,24048.65,23.400000000001455,-16.599999999998545,TRAILING_SL_HIT,CLOSED,10_CANDLE_BREAKOUT
426b9456-06ab-4a92-8016-a571ae446f51,NIFTY,2026-06-24 13:14:00,2026-06-24 13:15:00,24030.5,24048.65,1,2026-06-25 15:28:00,24048.65,18.150000000001455,-21.849999999998545,TRAILING_SL_HIT,CLOSED,10_CANDLE_BREAKOUT
3f48b896-8cc1-468f-b59c-b54774f9f21d,NIFTY,2026-06-24 13:15:00,2026-06-24 13:16:00,24036.7,24048.65,1,2026-06-25 15:28:00,24048.65,11.950000000000728,-28.049999999999272,TRAILING_SL_HIT,CLOSED,10_CANDLE_BREAKOUT
06f75a64-93f1-4c1f-9c7d-6f0048340639,NIFTY,2026-06-24 13:17:00,2026-06-24 13:18:00,24045.15,24048.65,1,2026-06-25 15:28:00,24048.65,3.5,-36.5,TRAILING_SL_HIT,CLOSED,10_CANDLE_BREAKOUT
eab1aae7-ae4b-496f-8cf2-fef74bcd1ce3,NIFTY,2026-06-24 13:19:00,2026-06-24 13:20:00,24046.5,24048.65,1,2026-06-25 15:28:00,24048.65,2.150000000001455,-37.849999999998545,TRAILING_SL_HIT,CLOSED,10_CANDLE_BREAKOUT
34263f1e-8fda-4b0d-9cab-794a1c2ee32d,NIFTY,2026-06-24 13:20:00,2026-06-24 13:21:00,24050.7,24048.65,1,2026-06-25 15:28:00,24048.65,-2.0499999999992724,-42.04999999999927,TRAILING_SL_HIT,CLOSED,10_CANDLE_BREAKOUT
d7672419-3728-44df-bfb3-1701615d769f,NIFTY,2026-06-24 13:21:00,2026-06-24 13:22:00,24052.85,24048.65,1,2026-06-25 15:28:00,24048.65,-4.19999999999709,-44.19999999999709,TRAILING_SL_HIT,CLOSED,10_CANDLE_BREAKOUT
152a9f3a-20b4-4e72-84eb-380876c9740a,NIFTY,2026-06-24 13:22:00,2026-06-24 13:23:00,24052.5,24051.45,1,2026-06-25 15:28:00,24051.45,-1.0499999999992724,-41.04999999999927,TRAILING_SL_HIT,CLOSED,10_CANDLE_BREAKOUT
6604b904-5b03-4b64-b0ba-75724a3583ef,NIFTY,2026-06-24 13:29:00,2026-06-24 13:30:00,24052.85,24050.5,1,2026-06-25 15:28:00,24050.5,-2.349999999998545,-42.349999999998545,TRAILING_SL_HIT,CLOSED,10_CANDLE_BREAKOUT
72f729c7-1198-4014-90bf-754aa29a1c6d,NIFTY,2026-06-24 13:30:00,2026-06-24 13:31:00,24056.7,24052.85,1,2026-06-25 15:28:00,24052.85,-3.850000000002183,-43.85000000000218,TRAILING_SL_HIT,CLOSED,10_CANDLE_BREAKOUT
b05d73de-5aae-400c-b086-cca17d212825,NIFTY,2026-06-24 13:32:00,2026-06-24 13:33:00,24063.65,24054.5,1,2026-06-25 15:28:00,24054.5,-9.150000000001455,-49.150000000001455,TRAILING_SL_HIT,CLOSED,10_CANDLE_BREAKOUT
6d3545e8-d084-4953-8bc1-de2d0cb960b7,NIFTY,2026-06-24 13:33:00,2026-06-24 13:34:00,24064.8,24063.0,1,2026-06-25 15:28:00,24063.0,-1.7999999999992724,-41.79999999999927,TRAILING_SL_HIT,CLOSED,10_CANDLE_BREAKOUT
1c7366e8-8590-4917-a317-4fd36a81ef26,NIFTY,2026-06-24 13:34:00,2026-06-24 13:35:00,24072.85,24064.65,1,2026-06-25 15:28:00,24064.65,-8.19999999999709,-48.19999999999709,TRAILING_SL_HIT,CLOSED,10_CANDLE_BREAKOUT
56c37741-432f-4f00-a780-6adae5197813,NIFTY,2026-06-24 13:35:00,2026-06-24 13:36:00,24083.65,24072.35,1,2026-06-25 15:28:00,24072.35,-11.30000000000291,-51.30000000000291,TRAILING_SL_HIT,CLOSED,10_CANDLE_BREAKOUT
b3d10aa5-1027-43d3-8a59-0fc4ba9f0a58,NIFTY,2026-06-24 13:36:00,2026-06-24 13:37:00,24088.15,24083.65,1,2026-06-25 15:28:00,24083.65,-4.5,-44.5,TRAILING_SL_HIT,CLOSED,10_CANDLE_BREAKOUT
2c6d0d61-34f6-4c10-8bcd-aa83499afa9f,NIFTY,2026-06-24 14:10:00,2026-06-24 14:11:00,24049.35,24048.65,1,2026-06-25 15:28:00,24048.65,-0.6999999999970896,-40.69999999999709,TRAILING_SL_HIT,CLOSED,10_CANDLE_BREAKOUT
2f0d01f8-1419-4a78-9385-0a36749e387f,NIFTY,2026-06-24 14:11:00,2026-06-24 14:12:00,24050.05,24048.65,1,2026-06-25 15:28:00,24048.65,-1.3999999999978172,-41.39999999999782,TRAILING_SL_HIT,CLOSED,10_CANDLE_BREAKOUT
773b10ba-58e4-47b3-8482-49f11378ee2b,NIFTY,2026-06-24 14:13:00,2026-06-24 14:14:00,24051.75,24048.95,1,2026-06-25 15:28:00,24048.95,-2.7999999999992724,-42.79999999999927,TRAILING_SL_HIT,CLOSED,10_CANDLE_BREAKOUT
fb28a808-9ceb-4d5a-a55a-7a83c914a471,NIFTY,2026-06-24 14:14:00,2026-06-24 14:15:00,24056.75,24048.65,1,2026-06-25 15:28:00,24048.65,-8.099999999998545,-48.099999999998545,TRAILING_SL_HIT,CLOSED,10_CANDLE_BREAKOUT
9ec77cea-a6da-49b7-93ca-9abc2b70b10e,NIFTY,2026-06-24 14:16:00,2026-06-24 14:17:00,24058.0,24051.15,1,2026-06-25 15:28:00,24051.15,-6.849999999998545,-46.849999999998545,TRAILING_SL_HIT,CLOSED,10_CANDLE_BREAKOUT
486b5e0a-e01b-456a-84e9-447b08b067ce,NIFTY,2026-06-24 14:19:00,2026-06-24 14:20:00,24058.05,24055.3,1,2026-06-25 15:28:00,24055.3,-2.75,-42.75,TRAILING_SL_HIT,CLOSED,10_CANDLE_BREAKOUT
03e54fbb-82c6-42ea-a2ff-e94dbd50da43,NIFTY,2026-06-24 14:20:00,2026-06-24 14:21:00,24062.4,24056.25,1,2026-06-25 15:28:00,24056.25,-6.150000000001455,-46.150000000001455,TRAILING_SL_HIT,CLOSED,10_CANDLE_BREAKOUT
578342b8-2a82-4b01-be30-a827a1c4103f,NIFTY,2026-06-24 14:42:00,2026-06-24 14:43:00,24057.75,24048.65,1,2026-06-25 15:28:00,24048.65,-9.099999999998545,-49.099999999998545,TRAILING_SL_HIT,CLOSED,10_CANDLE_BREAKOUT
845ff7c1-954e-42ae-baad-38520c9b2c98,NIFTY,2026-06-24 14:51:00,2026-06-24 14:52:00,24059.55,24056.45,1,2026-06-25 15:28:00,24056.45,-3.099999999998545,-43.099999999998545,TRAILING_SL_HIT,CLOSED,10_CANDLE_BREAKOUT
27cb2f8f-7896-49fc-8a95-5fbb1c09d5c1,NIFTY,2026-06-24 14:52:00,2026-06-24 14:53:00,24062.75,24057.0,1,2026-06-25 15:28:00,24057.0,-5.75,-45.75,TRAILING_SL_HIT,CLOSED,10_CANDLE_BREAKOUT
8826393b-8b17-46c4-856d-9a92174087b0,NIFTY,2026-06-24 14:55:00,2026-06-24 14:56:00,24066.35,24060.6,1,2026-06-25 15:28:00,24060.6,-5.75,-45.75,TRAILING_SL_HIT,CLOSED,10_CANDLE_BREAKOUT
9237d2d0-963b-415a-a240-04bc3389fa38,NIFTY,2026-06-25 09:25:00,2026-06-25 09:26:00,24166.3,24154.95,1,2026-06-25 15:28:00,24154.95,-11.349999999998545,-51.349999999998545,TRAILING_SL_HIT,CLOSED,10_CANDLE_BREAKOUT
e10b74a0-def1-45e5-8215-cb00cdca6e53,NIFTY,2026-06-25 09:45:00,2026-06-25 09:46:00,24154.0,24140.15,1,2026-06-25 15:28:00,24140.15,-13.849999999998545,-53.849999999998545,TRAILING_SL_HIT,CLOSED,10_CANDLE_BREAKOUT
887dbee6-4d6a-4343-b849-7e28dace25e6,NIFTY,2026-06-25 09:46:00,2026-06-25 09:47:00,24158.65,24150.7,1,2026-06-25 15:28:00,24150.7,-7.950000000000728,-47.95000000000073,TRAILING_SL_HIT,CLOSED,10_CANDLE_BREAKOUT
9c1c833e-83b1-4ad2-8678-cf14a13b1526,NIFTY,2026-06-25 09:47:00,2026-06-25 09:48:00,24162.0,24153.65,1,2026-06-25 15:28:00,24153.65,-8.349999999998545,-48.349999999998545,TRAILING_SL_HIT,CLOSED,10_CANDLE_BREAKOUT
d7c65c1e-735e-4f83-a301-8ec5436b1b7b,NIFTY,2026-06-25 09:49:00,2026-06-25 09:50:00,24167.05,24158.1,1,2026-06-25 15:28:00,24158.1,-8.950000000000728,-48.95000000000073,TRAILING_SL_HIT,CLOSED,10_CANDLE_BREAKOUT
c23592c4-0cf5-47b8-b91a-eec56278116c,NIFTY,2026-06-25 09:50:00,2026-06-25 09:51:00,24171.8,24162.65,1,2026-06-25 15:28:00,24162.65,-9.149999999997817,-49.14999999999782,TRAILING_SL_HIT,CLOSED,10_CANDLE_BREAKOUT
5c18d836-4a2e-4b2e-b048-0a6165323556,NIFTY,2026-06-25 09:51:00,2026-06-25 09:52:00,24175.55,24169.3,1,2026-06-25 15:28:00,24169.3,-6.25,-46.25,TRAILING_SL_HIT,CLOSED,10_CANDLE_BREAKOUT
1bcdccc5-e8ce-47a3-a818-fe19db90cc4e,NIFTY,2026-06-25 09:52:00,2026-06-25 09:53:00,24184.5,24172.2,1,2026-06-25 15:28:00,24172.2,-12.299999999999272,-52.29999999999927,TRAILING_SL_HIT,CLOSED,10_CANDLE_BREAKOUT
60c2cda0-fa7c-4567-b45e-f5ea4f2ef90b,NIFTY,2026-06-25 10:14:00,2026-06-25 10:15:00,24185.3,24171.4,1,2026-06-25 15:28:00,24171.4,-13.899999999997817,-53.89999999999782,TRAILING_SL_HIT,CLOSED,10_CANDLE_BREAKOUT
b409b81a-3a7e-4110-b12a-5f12895b0650,NIFTY,2026-06-25 10:15:00,2026-06-25 10:16:00,24189.35,24180.8,1,2026-06-25 15:28:00,24180.8,-8.549999999999272,-48.54999999999927,TRAILING_SL_HIT,CLOSED,10_CANDLE_BREAKOUT
8b3553ab-2eca-49e9-86b1-eeb7d936af9a,NIFTY,2026-06-25 10:37:00,2026-06-25 10:38:00,24181.25,24175.95,1,2026-06-25 15:28:00,24175.95,-5.299999999999272,-45.29999999999927,TRAILING_SL_HIT,CLOSED,10_CANDLE_BREAKOUT
18d32b62-94e9-407e-81eb-e06fd330076f,NIFTY,2026-06-25 10:42:00,2026-06-25 10:43:00,24183.9,24172.5,1,2026-06-25 15:28:00,24172.5,-11.400000000001455,-51.400000000001455,TRAILING_SL_HIT,CLOSED,10_CANDLE_BREAKOUT
b6fa2fc2-bbd2-448d-8845-b0819e982018,NIFTY,2026-06-25 10:45:00,2026-06-25 10:46:00,24189.45,24181.7,1,2026-06-25 15:28:00,24181.7,-7.75,-47.75,TRAILING_SL_HIT,CLOSED,10_CANDLE_BREAKOUT
3036f26c-423b-44d3-a8d3-e72808c4afe3,NIFTY,2026-06-25 10:46:00,2026-06-25 10:47:00,24188.9,24186.5,1,2026-06-25 15:28:00,24186.5,-2.400000000001455,-42.400000000001455,TRAILING_SL_HIT,CLOSED,10_CANDLE_BREAKOUT
3604ee9a-d917-45b9-8d78-60d53366c9ef,NIFTY,2026-06-25 10:48:00,2026-06-25 10:49:00,24195.4,24191.1,1,2026-06-25 15:28:00,24191.1,-4.30000000000291,-44.30000000000291,TRAILING_SL_HIT,CLOSED,10_CANDLE_BREAKOUT
a094bc9f-f98e-41bd-95a2-941e78091aca,NIFTY,2026-06-25 10:49:00,2026-06-25 10:50:00,24200.05,24191.1,1,2026-06-25 15:28:00,24191.1,-8.950000000000728,-48.95000000000073,TRAILING_SL_HIT,CLOSED,10_CANDLE_BREAKOUT
a05e5c79-f6f7-4a7f-8524-ee57db960439,NIFTY,2026-06-25 11:11:00,2026-06-25 11:12:00,24192.45,24186.1,1,2026-06-25 15:28:00,24186.1,-6.350000000002183,-46.35000000000218,TRAILING_SL_HIT,CLOSED,10_CANDLE_BREAKOUT
35b41adb-e8bc-410f-b880-b3c2a90787bc,NIFTY,2026-06-25 11:13:00,2026-06-25 11:14:00,24196.95,24189.0,1,2026-06-25 15:28:00,24189.0,-7.950000000000728,-47.95000000000073,TRAILING_SL_HIT,CLOSED,10_CANDLE_BREAKOUT
09c3c777-0b5f-4306-9c88-6209fee357af,NIFTY,2026-06-25 11:15:00,2026-06-25 11:16:00,24201.8,24195.2,1,2026-06-25 15:28:00,24195.2,-6.599999999998545,-46.599999999998545,TRAILING_SL_HIT,CLOSED,10_CANDLE_BREAKOUT
2003fe51-063c-439a-9b47-9d1cdd259613,NIFTY,2026-06-25 11:16:00,2026-06-25 11:17:00,24203.5,24197.5,1,2026-06-25 15:28:00,24197.5,-6.0,-46.0,TRAILING_SL_HIT,CLOSED,10_CANDLE_BREAKOUT
8f53fdbd-73d0-4aeb-adad-1e320f9f59bc,NIFTY,2026-06-25 11:38:00,2026-06-25 11:39:00,24194.1,24185.45,1,2026-06-25 15:28:00,24185.45,-8.649999999997817,-48.64999999999782,TRAILING_SL_HIT,CLOSED,10_CANDLE_BREAKOUT
5352e2cd-b9a8-45dd-9e73-8e1335f2e34f,NIFTY,2026-06-25 11:39:00,2026-06-25 11:40:00,24195.45,24191.8,1,2026-06-25 15:28:00,24191.8,-3.650000000001455,-43.650000000001455,TRAILING_SL_HIT,CLOSED,10_CANDLE_BREAKOUT
89c92429-7bd2-479e-9d6a-940cd40f9079,NIFTY,2026-06-25 11:42:00,2026-06-25 11:43:00,24197.05,24191.9,1,2026-06-25 15:28:00,24191.9,-5.149999999997817,-45.14999999999782,TRAILING_SL_HIT,CLOSED,10_CANDLE_BREAKOUT
7bb12e90-0aff-45a5-8a88-183c127f4c56,NIFTY,2026-06-25 11:43:00,2026-06-25 11:44:00,24199.15,24194.9,1,2026-06-25 15:28:00,24194.9,-4.25,-44.25,TRAILING_SL_HIT,CLOSED,10_CANDLE_BREAKOUT
6261aca1-6623-4712-9688-99873fcc19bb,NIFTY,2026-06-25 11:46:00,2026-06-25 11:47:00,24197.55,24193.5,1,2026-06-25 15:28:00,24193.5,-4.049999999999272,-44.04999999999927,TRAILING_SL_HIT,CLOSED,10_CANDLE_BREAKOUT
458d949b-779e-47f9-98a2-026fc54f53e7,NIFTY,2026-06-25 11:47:00,2026-06-25 11:48:00,24203.85,24196.5,1,2026-06-25 15:28:00,24196.5,-7.349999999998545,-47.349999999998545,TRAILING_SL_HIT,CLOSED,10_CANDLE_BREAKOUT
1853b9e5-37b8-4eec-89af-826683cafded,NIFTY,2026-06-25 11:49:00,2026-06-25 11:50:00,24205.35,24197.7,1,2026-06-25 15:28:00,24197.7,-7.649999999997817,-47.64999999999782,TRAILING_SL_HIT,CLOSED,10_CANDLE_BREAKOUT
3224e8d1-359a-4049-85b3-17a6a7665cbd,NIFTY,2026-06-25 11:50:00,2026-06-25 11:51:00,24208.7,24202.5,1,2026-06-25 15:28:00,24202.5,-6.200000000000728,-46.20000000000073,TRAILING_SL_HIT,CLOSED,10_CANDLE_BREAKOUT
e685f8b9-3969-4466-947b-26dc4c7a0491,NIFTY,2026-06-25 11:55:00,2026-06-25 11:56:00,24211.1,24205.9,1,2026-06-25 15:28:00,24205.9,-5.19999999999709,-45.19999999999709,TRAILING_SL_HIT,CLOSED,10_CANDLE_BREAKOUT
16daada1-c138-4d16-b802-cb760d6ab04e,NIFTY,2026-06-25 11:56:00,2026-06-25 11:57:00,24216.6,24208.35,1,2026-06-25 15:28:00,24208.35,-8.25,-48.25,TRAILING_SL_HIT,CLOSED,10_CANDLE_BREAKOUT
9f3d6b77-ff08-4625-90dd-79db72e74a7d,NIFTY,2026-06-25 11:57:00,2026-06-25 11:58:00,24232.15,24215.3,1,2026-06-25 15:28:00,24215.3,-16.850000000002183,-56.85000000000218,TRAILING_SL_HIT,CLOSED,10_CANDLE_BREAKOUT
5d8f5b7b-c30f-4417-a7ac-484a14556fae,NIFTY,2026-06-25 11:58:00,2026-06-25 11:59:00,24235.8,24226.45,1,2026-06-25 15:28:00,24226.45,-9.349999999998545,-49.349999999998545,TRAILING_SL_HIT,CLOSED,10_CANDLE_BREAKOUT
353665f2-5d4c-4350-a8ea-a5f4209fa048,NIFTY,2026-06-25 11:59:00,2026-06-25 12:00:00,24238.75,24230.15,1,2026-06-25 15:28:00,24230.15,-8.599999999998545,-48.599999999998545,TRAILING_SL_HIT,CLOSED,10_CANDLE_BREAKOUT
a17149c5-e016-4fee-a35a-c9833a6fcf44,NIFTY,2026-06-25 12:00:00,2026-06-25 12:01:00,24245.0,24236.7,1,2026-06-25 15:28:00,24236.7,-8.299999999999272,-48.29999999999927,TRAILING_SL_HIT,CLOSED,10_CANDLE_BREAKOUT
71500a34-49ea-47fe-8e8e-1b6989665b55,NIFTY,2026-06-25 12:04:00,2026-06-25 12:05:00,24247.85,24238.65,1,2026-06-25 15:28:00,24238.65,-9.19999999999709,-49.19999999999709,TRAILING_SL_HIT,CLOSED,10_CANDLE_BREAKOUT
5bb79003-8bf3-4407-9bed-60ea63afa905,NIFTY,2026-06-25 12:07:00,2026-06-25 12:08:00,24248.7,24244.05,1,2026-06-25 15:28:00,24244.05,-4.650000000001455,-44.650000000001455,TRAILING_SL_HIT,CLOSED,10_CANDLE_BREAKOUT
0a4db952-fab9-466c-b254-662b6a651fb8,NIFTY,2026-06-25 12:08:00,2026-06-25 12:09:00,24250.1,24245.15,1,2026-06-25 15:28:00,24245.15,-4.94999999999709,-44.94999999999709,TRAILING_SL_HIT,CLOSED,10_CANDLE_BREAKOUT
b8b2134e-1374-4150-b2da-9d098168c024,NIFTY,2026-06-25 12:09:00,2026-06-25 12:10:00,24250.95,24247.95,1,2026-06-25 15:28:00,24247.95,-3.0,-43.0,TRAILING_SL_HIT,CLOSED,10_CANDLE_BREAKOUT
e623738b-d668-4559-8aec-b3a26079b3ef,NIFTY,2026-06-25 12:10:00,2026-06-25 12:11:00,24253.0,24247.65,1,2026-06-25 15:28:00,24247.65,-5.349999999998545,-45.349999999998545,TRAILING_SL_HIT,CLOSED,10_CANDLE_BREAKOUT
5e961a20-09af-4911-87d2-48a2f4e29314,NIFTY,2026-06-25 12:11:00,2026-06-25 12:12:00,24256.0,24250.9,1,2026-06-25 15:28:00,24250.9,-5.099999999998545,-45.099999999998545,TRAILING_SL_HIT,CLOSED,10_CANDLE_BREAKOUT
c48c2297-6e0f-42ba-93cb-3274feb31652,NIFTY,2026-06-25 12:54:00,2026-06-25 12:55:00,24199.35,24197.0,1,2026-06-25 15:28:00,24197.0,-2.349999999998545,-42.349999999998545,TRAILING_SL_HIT,CLOSED,10_CANDLE_BREAKOUT
469635dd-abd6-4b15-aa98-7e98d8777bd3,NIFTY,2026-06-25 13:02:00,2026-06-25 13:03:00,24206.3,24195.45,1,2026-06-25 15:28:00,24195.45,-10.849999999998545,-50.849999999998545,TRAILING_SL_HIT,CLOSED,10_CANDLE_BREAKOUT
080420fc-c374-4cc4-a3ce-bc022f0f93fa,NIFTY,2026-06-25 13:03:00,2026-06-25 13:04:00,24211.0,24199.25,1,2026-06-25 15:28:00,24199.25,-11.75,-51.75,TRAILING_SL_HIT,CLOSED,10_CANDLE_BREAKOUT
8841cf3d-946d-4c16-bc7b-67b397f254ce,NIFTY,2026-06-25 13:34:00,2026-06-25 13:35:00,24193.2,24188.6,1,2026-06-25 15:28:00,24188.6,-4.600000000002183,-44.60000000000218,TRAILING_SL_HIT,CLOSED,10_CANDLE_BREAKOUT
68d4e56d-fe08-4a12-a8c3-d545a2e0caa4,NIFTY,2026-06-25 13:35:00,2026-06-25 13:36:00,24195.2,24191.55,1,2026-06-25 15:28:00,24191.55,-3.650000000001455,-43.650000000001455,TRAILING_SL_HIT,CLOSED,10_CANDLE_BREAKOUT
e1b59f16-1c8a-4841-afe9-b2a841710c4c,NIFTY,2026-06-25 13:39:00,2026-06-25 13:40:00,24201.95,24190.95,1,2026-06-25 15:28:00,24190.95,-11.0,-51.0,TRAILING_SL_HIT,CLOSED,10_CANDLE_BREAKOUT
5cbe9ec8-1e5a-44d7-bf64-50fc77d61df3,NIFTY,2026-06-25 13:40:00,2026-06-25 13:41:00,24209.45,24197.8,1,2026-06-25 15:28:00,24197.8,-11.650000000001455,-51.650000000001455,TRAILING_SL_HIT,CLOSED,10_CANDLE_BREAKOUT
053d65b8-b7ff-4303-964f-0bd6bd4b556d,NIFTY,2026-06-25 13:41:00,2026-06-25 13:42:00,24211.2,24206.0,1,2026-06-25 15:28:00,24206.0,-5.200000000000728,-45.20000000000073,TRAILING_SL_HIT,CLOSED,10_CANDLE_BREAKOUT
9f673f03-5406-494d-86e2-951118cba134,NIFTY,2026-06-25 14:35:00,2026-06-25 14:36:00,24126.85,24102.2,1,2026-06-25 15:28:00,24102.2,-24.649999999997817,-64.64999999999782,TRAILING_SL_HIT,CLOSED,10_CANDLE_BREAKOUT
ed587020-2fcf-425d-8c8a-712b4892254c,NIFTY,2026-06-25 14:52:00,2026-06-25 14:53:00,24091.85,24079.65,1,2026-06-25 15:28:00,24079.65,-12.19999999999709,-52.19999999999709,TRAILING_SL_HIT,CLOSED,10_CANDLE_BREAKOUT
b3e5e087-ff07-45f9-a9c7-673e429e2ebb,NIFTY,2026-06-25 14:53:00,2026-06-25 14:54:00,24109.75,24090.85,1,2026-06-25 15:28:00,24090.85,-18.900000000001455,-58.900000000001455,TRAILING_SL_HIT,CLOSED,10_CANDLE_BREAKOUT
